Source,Target,Type,Id,Label,Weight
@haspidox,Feedback,Undirected,4668,,1
@HuguesTrjs,Innovation,Undirected,4669,,10
@Quentin_leads,Conseil,Undirected,4670,,1
@MaitreKoro,Education,Undirected,4671,,2
@Elsa_Trujillo_,Feedback,Undirected,4672,,1
@grisou97160,Education,Undirected,4673,,2
@LeJournalDuCoin,Education,Undirected,4674,,1
@outil_ia,Innovation,Undirected,4675,,1
@AlainGoudey,Conseil,Undirected,4676,,2
@cestJeremiah,Innovation,Undirected,4677,,1
@_Re_,Feedback,Undirected,4678,,1
@peii_henry,Conseil,Undirected,4679,,1
@ActuCryptoCT,Education,Undirected,4680,,1
@coinacademy_fr,Education,Undirected,4681,,8
@FR,Education,Undirected,4685,,2
@FR,Feedback,Undirected,4687,,1
@FR,Conseil,Undirected,4688,,1
@lapagedustoner,Feedback,Undirected,4689,,1
@RaphaelLeCorre,Conseil,Undirected,4690,,1
@MediaParisien,Business,Undirected,4691,,1
@Orange_France,Innovation,Undirected,4693,,1
@YassFox,Innovation,Undirected,4694,,1
@AlainGoudey,Innovation,Undirected,4695,,1
@coinacademy_fr,Business,Undirected,4696,,1
@LaTourEiffel,Education,Undirected,4697,,1
@AlainGoudey,Feedback,Undirected,4701,,2
@AlainGoudey,Education,Undirected,4703,,3
@ThomaSislay,Innovation,Undirected,4705,,2
@KingKongPadre,Conseil,Undirected,4706,,1
@theFox,Education,Undirected,4707,,1
@NikosEiri,Education,Undirected,4708,,1
@FO4zenieme,Education,Undirected,4709,,1
@joseppedrals,Feedback,Undirected,4710,,1
@Thomas_Copy_,Conseil,Undirected,4711,,1
@aliamsi,Conseil,Undirected,4712,,1
@Lecrivain_perdu,Feedback,Undirected,4714,,1
@meydeey,Innovation,Undirected,4715,,1
@ludidemoldefe,Feedback,Undirected,4716,,1
@ZaimIskander,Business,Undirected,4717,,1
@Uneheuredepeine,Business,Undirected,4718,,1
@jesuisla_fr,Education,Undirected,4719,,1
@macLyon,Conseil,Undirected,4720,,1
@JP_O,Business,Undirected,4721,,1
@KassimAbdoulay3,Education,Undirected,4722,,1
@effi_10,Education,Undirected,4723,,1
@OMondieuu,Feedback,Undirected,4724,,1
@THEVENONPierri1,Feedback,Undirected,4725,,1
@fadouce,Business,Undirected,4726,,1
@JeanMarieCAVADA,Education,Undirected,4727,,2
@__C,Education,Undirected,4728,,1
@banzance,Feedback,Undirected,4729,,1
@VeroDruot,Business,Undirected,4730,,1
@spleenobsession,Conseil,Undirected,4731,,1
@audreytipsfr,Feedback,Undirected,4732,,1
@GuillaumeRozier,Conseil,Undirected,4733,,1
@Cheedee,Education,Undirected,4734,,1
@Maitre_de_conf,Feedback,Undirected,4735,,1
@GoyerMel,Innovation,Undirected,4736,,1
@benmathieu,Education,Undirected,4737,,1
@framaka,Conseil,Undirected,4738,,1
@MaitreKoro,Innovation,Undirected,4739,,2
@sffrlttlchldrn,Feedback,Undirected,4740,,1
@seygalare,Conseil,Undirected,4741,,1
@Enz00beats,Business,Undirected,4742,,1
@Paulo_Douard,Innovation,Undirected,4743,,1
@AlexDevecchio,Feedback,Undirected,4744,,1
@Quotes_PS,Education,Undirected,4745,,4
@business_libre_,Innovation,Undirected,4746,,4
@Manwelitto,Conseil,Undirected,4747,,1
@reymondin,Feedback,Undirected,4750,,1
@miraiijo,Innovation,Undirected,4751,,1
@amibiaka,Feedback,Undirected,4752,,1
@camborocma,Education,Undirected,4753,,1
@eric_s60,Education,Undirected,4754,,1
@SinedWarrior,Education,Undirected,4755,,1
@Quentin_AI,Innovation,Undirected,4756,,1
@Disiz,Innovation,Undirected,4757,,7
@Ladji_IA,Innovation,Undirected,4758,,2
@shushant_l,Business,Undirected,4759,,1
@Try2grind,Innovation,Undirected,4760,,2
@IAdvisorFR,Innovation,Undirected,4761,,3
@Ladji_IA,Conseil,Undirected,4762,,1
@AdbsRecherche,Conseil,Undirected,4763,,1
@Deep_GeniusAi,Conseil,Undirected,4764,,1
@maoshxna,Education,Undirected,4765,,1
@hugo_marketing_,Innovation,Undirected,4766,,1
@emmanuelmaurel,Feedback,Undirected,4767,,1
@infomoneypro,Innovation,Undirected,4768,,2
@Disiz,Conseil,Undirected,4769,,4
@AiExplorerFR,Conseil,Undirected,4770,,4
@VChambraud,Innovation,Undirected,4771,,3
@LeDonFR,Business,Undirected,4772,,1
@AxelQuantic,Conseil,Undirected,4773,,3
@jessicanono1,Feedback,Undirected,4774,,3
@monalisasdi,Education,Undirected,4775,,1
@1m88deperf,Feedback,Undirected,4776,,1
@LadyGoule,Education,Undirected,4777,,1
@WonderMegaan,Business,Undirected,4778,,1
@downdusky,Education,Undirected,4779,,1
@Ecom,Education,Undirected,4780,,1
@FFLose,Education,Undirected,4781,,1
@norabz,Innovation,Undirected,4782,,1
@Pigeongratuit,Business,Undirected,4783,,1
@gchampeau,Innovation,Undirected,4784,,2
@yrougy,Innovation,Undirected,4785,,1
@alekseo,Innovation,Undirected,4786,,1
@docteurbagarre,Feedback,Undirected,4787,,1
@amaury_betton,Conseil,Undirected,4788,,1
@AiExplorerFR,Education,Undirected,4789,,6
@asmr_kali,Conseil,Undirected,4790,,1
@GLantrac,Business,Undirected,4792,,1
@dobsky33,Business,Undirected,4793,,1
@mikiane,Business,Undirected,4794,,1
@loysbonod,Education,Undirected,4795,,1
@regis_alenda,Business,Undirected,4796,,1
@us,Conseil,Undirected,4797,,1
@IAoptima,Conseil,Undirected,4798,,2
@y4n05h,Innovation,Undirected,4799,,1
@6502martin,Education,Undirected,4800,,1
@tolosamedia2,Conseil,Undirected,4801,,1
@AtheismisComing,Feedback,Undirected,4802,,1
@c_chaudier,Business,Undirected,4803,,1
@MnLata,Conseil,Undirected,4804,,1
@JeromeColombain,Feedback,Undirected,4805,,3
@zoesagan,Feedback,Undirected,4806,,1
@DFintelligence,Conseil,Undirected,4807,,4
@lauric_henneton,Feedback,Undirected,4808,,1
@JdePabMartinez,Conseil,Undirected,4809,,1
@outil_ia,Conseil,Undirected,4810,,2
@kaostyl,Feedback,Undirected,4811,,1
@1,Feedback,Undirected,4812,,1
@4n4k04n,Innovation,Undirected,4813,,1
@infomoneypro,Conseil,Undirected,4815,,7
@efysaboutey,Innovation,Undirected,4816,,1
@ChanPerco,Conseil,Undirected,4817,,1
@GulagGlobal,Innovation,Undirected,4818,,1
@esta__,Business,Undirected,4819,,1
@dr_l_alexandre,Business,Undirected,4820,,1
@RikardRene,Conseil,Undirected,4821,,1
@FraPiquemal,Feedback,Undirected,4822,,1
@eliaswalyba,Feedback,Undirected,4823,,2
@val_strch,Conseil,Undirected,4824,,1
@GaccioB,Feedback,Undirected,4825,,1
@BioHospitalix,Education,Undirected,4826,,1
@vicartjulie,Innovation,Undirected,4829,,1
@MathisHammel,Feedback,Undirected,4830,,1
@Majorfall,Innovation,Undirected,4831,,1
@_,Feedback,Undirected,4832,,1
@URSSfanaccount,Feedback,Undirected,4833,,1
@adelaigue,Business,Undirected,4834,,1
@flowdesaligaud,Business,Undirected,4836,,1
@FSucculent,Innovation,Undirected,4837,,1
@jambonbuzz,Conseil,Undirected,4838,,2
@VirgileJambon,Feedback,Undirected,4839,,1
@TontonsCrypto,Feedback,Undirected,4840,,1
@romainlanz,Innovation,Undirected,4841,,1
@axelchanfrault,Conseil,Undirected,4842,,1
@megabeille,Business,Undirected,4843,,1
@Shaumi_832,Business,Undirected,4844,,1
@yannbradley17,Conseil,Undirected,4846,,1
@lizilameduse,Feedback,Undirected,4847,,1
@StopZatRyan,Education,Undirected,4848,,1
@brocolisuspect,Conseil,Undirected,4849,,1
@EricKLein_,Conseil,Undirected,4850,,3
@IAdvisorFR,Conseil,Undirected,4851,,6
@letstalkastro,Business,Undirected,4852,,1
@advmijr,Innovation,Undirected,4853,,1
@Jean__Emard,Education,Undirected,4854,,2
@lumieredelune,Education,Undirected,4855,,1
@durandarno,Education,Undirected,4856,,1
@verite_business,Innovation,Undirected,4858,,1
@P,Conseil,Undirected,4859,,2
@AzizKatarfo,Feedback,Undirected,4860,,1
@BayeGallasDiagn,Innovation,Undirected,4861,,1
@CkbMaitre,Business,Undirected,4862,,1
@SireLoicT,Business,Undirected,4863,,1
@DouteuxOrg,Feedback,Undirected,4865,,1
@BenoitDubos,Conseil,Undirected,4866,,1
@MisterIA_off,Education,Undirected,4867,,1
@Boris_Gauty,Innovation,Undirected,4868,,3
@_inous,Education,Undirected,4869,,1
@DivanCitoyen,Business,Undirected,4870,,1
@nathandropout,Conseil,Undirected,4871,,1
@ataraksyki,Education,Undirected,4872,,1
@housspl,Innovation,Undirected,4873,,1
@jolieELFE,Feedback,Undirected,4874,,1
@DouNiangado,Education,Undirected,4875,,1
@yv9k,Education,Undirected,4876,,1
@JEANISLAM92,Conseil,Undirected,4877,,1
@DIVIZIO1,Education,Undirected,4878,,1
@steeventltc,Feedback,Undirected,4879,,1
@Tropicana7101,Conseil,Undirected,4880,,1
@edgarmorinparis,Innovation,Undirected,4881,,1
@Beatrice_Rosen,Education,Undirected,4882,,1
@TightCorset69,Business,Undirected,4883,,1
@robs_jl,Education,Undirected,4884,,1
@syy_emn,Feedback,Undirected,4885,,1
@Tropicana7101,Business,Undirected,4886,,1
@iciadele,Feedback,Undirected,4887,,1
@YannisZimm,Feedback,Undirected,4888,,2
@4bdoulaye_ms,Innovation,Undirected,4889,,2
@TitoMutyebele,Business,Undirected,4890,,1
@mrphe_,Feedback,Undirected,4891,,1
@__fulani,Feedback,Undirected,4892,,1
@_inous,Business,Undirected,4893,,1
@BeShevko,Education,Undirected,4894,,1
@tounsi_6z,Business,Undirected,4895,,1
@20,Feedback,Undirected,4896,,1
@EagleFour4,Feedback,Undirected,4897,,1
@maximehalley,Conseil,Undirected,4898,,2
@OneHeroMike,Conseil,Undirected,4899,,1
@encrecanaille,Conseil,Undirected,4900,,1
@_sam0411,Innovation,Undirected,4901,,1
@copyelpadrino,Innovation,Undirected,4902,,1
@OlivierBabeau,Innovation,Undirected,4903,,2
@Capetlevrai,Innovation,Undirected,4904,,1
@vid_aberrantes,Conseil,Undirected,4905,,3
@AlphaKushh,Innovation,Undirected,4906,,1
@shhuusshs,Innovation,Undirected,4907,,1
@grenadinepapi,Innovation,Undirected,4908,,1
@CopylearningMax,Conseil,Undirected,4909,,1
@jeunepalmier,Education,Undirected,4910,,1
@Disiz,Feedback,Undirected,4911,,1
@the_vinks,Education,Undirected,4912,,1
@vya,Feedback,Undirected,4913,,1
@verrastore,Feedback,Undirected,4916,,1
@fbintoub1,Innovation,Undirected,4917,,1
@Mr_lobservateur,Business,Undirected,4918,,1
@enraje,Conseil,Undirected,4920,,1
@DFintelligence,Feedback,Undirected,4921,,2
@lopotitchien,Conseil,Undirected,4922,,1
@0xfto,Feedback,Undirected,4923,,1
@ItsNotFlat,Feedback,Undirected,4924,,1
@Brahim_7_,Feedback,Undirected,4928,,1
@dsampaolo,Education,Undirected,4929,,1
@KarmineCorp,Education,Undirected,4930,,1
@VChambraud,Conseil,Undirected,4931,,1
@Disiz,Education,Undirected,4932,,2
@jeraeve,Conseil,Undirected,4935,,1
@rollinlowolong,Conseil,Undirected,4936,,1
@jpegnalya,Business,Undirected,4937,,1
@Liam_AIAA,Business,Undirected,4938,,1
@cashmak_bx,Conseil,Undirected,4940,,1
@wiznesspro,Conseil,Undirected,4941,,1
@DFintelligence,Education,Undirected,4944,,2
@sltcgoto,Innovation,Undirected,4945,,2
@Seulement,Education,Undirected,4948,,1
@tahiadzfrr,Business,Undirected,4949,,1
@iamsedotossou,Business,Undirected,4950,,1
@_kjf_orochi_,Conseil,Undirected,4951,,1
@IngenieurPsyche,Business,Undirected,4953,,1
@inmind,Innovation,Undirected,4954,,1
@IsXnaaa,Innovation,Undirected,4955,,1
@timemasterpro,Conseil,Undirected,4959,,1
@EnzoManis,Feedback,Undirected,4960,,1
@Dark__,Feedback,Undirected,4961,,1
@IAdvisorFR,Feedback,Undirected,4964,,1
@GegeCarabine,Conseil,Undirected,4965,,1
@io,Education,Undirected,4966,,1
@Quentin_AI,Conseil,Undirected,4967,,2
@imvnita,Business,Undirected,4968,,1
@Nearoks_,Education,Undirected,4971,,1
@CornichonRusse,Feedback,Undirected,4973,,1
@bvmbv_abd,Innovation,Undirected,4974,,1
@yeca,Innovation,Undirected,4975,,1
@Think,Conseil,Undirected,4977,,1
@Issakimho,Innovation,Undirected,4978,,1
@VictorSinclair3,Business,Undirected,4979,,1
@Lucas_IA_,Conseil,Undirected,4980,,3
@CyberWolfgang8,Business,Undirected,4981,,1
@benjamincode,Feedback,Undirected,4982,,1
@anislerouge,Conseil,Undirected,4983,,1
@RonanPla,Innovation,Undirected,4984,,1
@RomainBurrel,Education,Undirected,4986,,1
@HVaucher,Education,Undirected,4987,,1
@DineurEric,Education,Undirected,4988,,1
@_smontlouis,Innovation,Undirected,4989,,2
@Botstartt,Innovation,Undirected,4990,,2
@Boris_Gauty,Conseil,Undirected,4991,,1
@haspidox,Innovation,Undirected,4992,,1
@iam_rockfel,Business,Undirected,4993,,1
@7,Business,Undirected,4995,,1
@Jeremy_WebDev,Conseil,Undirected,4996,,1
@MisAives,Feedback,Undirected,4997,,1
@youngjeune_off,Feedback,Undirected,4998,,1
@ryahatesyou,Innovation,Undirected,4999,,1
@qu_sch,Business,Undirected,5001,,1
@MartinGhostw,Innovation,Undirected,5003,,1
@ValCopywrite,Conseil,Undirected,5004,,1
@ArthuurSEO,Innovation,Undirected,5006,,1
@nmartignole,Feedback,Undirected,5007,,1
@Dwlf,Conseil,Undirected,5008,,1
@hanxhx_,Conseil,Undirected,5009,,1
@dr_l_alexandre,Feedback,Undirected,5010,,2
@marcfiorentino,Education,Undirected,5011,,1
@mathieu_d123456,Feedback,Undirected,5013,,1
@AlexandreGrdl,Feedback,Undirected,5014,,2
@AlexisPhilo,Business,Undirected,5015,,1
@zoomabus,Education,Undirected,5016,,1
@LeMTempete,Conseil,Undirected,5017,,1
@DidierMaisto,Education,Undirected,5018,,3
@lauhaim,Innovation,Undirected,5019,,1
@IAoptima,Innovation,Undirected,5020,,2
@Sem_Morgenstern,Innovation,Undirected,5021,,1
@TvlCampagnol,Education,Undirected,5022,,1
@Berentrice,Innovation,Undirected,5023,,1
@Future_isGreat,Innovation,Undirected,5025,,1
@dylanviless,Innovation,Undirected,5026,,1
@DrFuturo_,Feedback,Undirected,5028,,1
@lixfavss,Innovation,Undirected,5029,,1
@_7,Business,Undirected,5030,,1
@_athere_,Conseil,Undirected,5031,,1
@AnthoWelc,Feedback,Undirected,5033,,1
@fredcavazza,Education,Undirected,5034,,1
@DidierGirard,Conseil,Undirected,5035,,1
@OlivierBenis,Education,Undirected,5036,,1
@malik_bmz,Education,Undirected,5037,,1
@LaurentNunez,Feedback,Undirected,5038,,1
@Anne_Mottet,Business,Undirected,5039,,1
@SeefunTwt,Conseil,Undirected,5040,,1
@Eric_Sadin,Education,Undirected,5041,,1
@LaidSeghir,Education,Undirected,5042,,1
@Pavel_FFP,Education,Undirected,5043,,1
@iammind9,Conseil,Undirected,5044,,1
@AdechinaAlao,Innovation,Undirected,5045,,1
@Chatgpeter,Education,Undirected,5046,,1
@MarianneMaximi,Feedback,Undirected,5047,,1
@llady__D,Feedback,Undirected,5048,,1
@Axzl__225,Innovation,Undirected,5049,,1
@syylllia,Feedback,Undirected,5050,,1
@Ilangabet,Education,Undirected,5051,,1
@pbeyssac,Feedback,Undirected,5053,,1
@delusion0l,Feedback,Undirected,5054,,2
@supermegadrivin,Education,Undirected,5055,,1
@sunblonded,Education,Undirected,5056,,1
@AniceLajnef,Education,Undirected,5057,,1
@edithbrou,Education,Undirected,5058,,2
@lemondefr,Education,Undirected,5059,,1
@clairemmathieu,Education,Undirected,5060,,1
@jessicanono1,Education,Undirected,5061,,2
@mikiane,Education,Undirected,5062,,1
@SophieGironi,Business,Undirected,5063,,1
@GLantrac,Innovation,Undirected,5064,,1
@Songsa93,Education,Undirected,5065,,1
@T_Nenninger,Feedback,Undirected,5066,,1
@Kocobe,Business,Undirected,5067,,1
@DrFuturo_,Education,Undirected,5068,,1
@Th0masdms,Conseil,Undirected,5069,,2
@DylanCozian,Feedback,Undirected,5070,,1
@D_Da_Silva7,Business,Undirected,5071,,1
@neiljomunsi,Conseil,Undirected,5072,,1
@CaptainDev404,Feedback,Undirected,5073,,1
@angry_prof39,Business,Undirected,5074,,1
@Develo_pas_peur,Feedback,Undirected,5075,,1
@Byzance_cstyle,Feedback,Undirected,5076,,1
@PrincessErikaPr,Innovation,Undirected,5078,,1
@AkaiCaillou,Feedback,Undirected,5079,,1
@masquedelapeste,Innovation,Undirected,5080,,1
@Phd_jeu,Feedback,Undirected,5082,,1
@Nateooos,Feedback,Undirected,5083,,1
@LeoTechMaker,Feedback,Undirected,5084,,1
@sergio_coma,Conseil,Undirected,5085,,3
@MateuilB,Feedback,Undirected,5086,,1
@julienbluteau,Education,Undirected,5087,,1
@alexjubelin,Business,Undirected,5088,,1
@nftyavez,Innovation,Undirected,5089,,1
@sorcierdelecom,Innovation,Undirected,5090,,2
@IAdvisorFR,Education,Undirected,5091,,1
@metisXentrik,Business,Undirected,5092,,1
@KieferGuillaume,Education,Undirected,5093,,1
@P,Education,Undirected,5094,,1
@labisse,Conseil,Undirected,5095,,1
@maxmntl,Innovation,Undirected,5096,,1
@lethalbjj,Education,Undirected,5097,,1
@Girleek,Conseil,Undirected,5099,,1
@Dedodante,Education,Undirected,5100,,1
@CubaEnLacoste,Education,Undirected,5101,,1
@lancinera,Education,Undirected,5102,,1
@pathus90,Education,Undirected,5103,,1
@JoStavoDebauge,Education,Undirected,5104,,1
@alex_schl,Feedback,Undirected,5105,,1
@ElisaLePrettre,Business,Undirected,5107,,1
@riro_kx,Education,Undirected,5108,,2
@AiExplorerFR,Innovation,Undirected,5110,,1
@Emichel1982,Business,Undirected,5111,,1
@infomoneypro,Education,Undirected,5112,,3
@pydathon,Business,Undirected,5115,,1
@regisjauffret,Innovation,Undirected,5116,,1
@PostByOb,Education,Undirected,5117,,1
@Mr_lobservateur,Education,Undirected,5118,,1
@Hkaisla,Feedback,Undirected,5119,,1
@jlondiche,Feedback,Undirected,5121,,1
@Gaetan_12018,Education,Undirected,5122,,1
@m_samovar,Education,Undirected,5123,,1
@Babar_le_Rhino,Business,Undirected,5124,,1
@BouramaChu94,Feedback,Undirected,5125,,1
@assimay,Feedback,Undirected,5126,,1
@Ourcarre,Conseil,Undirected,5127,,1
@MaisOuVaLeWeb,Education,Undirected,5128,,1
@FrenchHist,Education,Undirected,5129,,1
@alxgagnon,Conseil,Undirected,5130,,1
@GPoPesie,Education,Undirected,5131,,1
@Naim_Lamine,Feedback,Undirected,5132,,1
@j4zmincita,Feedback,Undirected,5133,,1
@TvlCampagnol,Feedback,Undirected,5134,,3
@ChatgptAcademy,Business,Undirected,5135,,1
@KimJongUnique,Education,Undirected,5136,,1
@TvlCampagnol,Innovation,Undirected,5137,,2
@jpdioma,Education,Undirected,5139,,1
@MonniauxD,Education,Undirected,5140,,2
@aympontier,Conseil,Undirected,5141,,1
@Fraoui1983,Education,Undirected,5142,,1
@Taigasangare,Education,Undirected,5143,,1
@dareljedid,Education,Undirected,5146,,1
@mel__bdr,Conseil,Undirected,5147,,1
@mwunh_,Education,Undirected,5148,,1
@blum4rinegirl44,Innovation,Undirected,5149,,1
@skievelavabo,Innovation,Undirected,5151,,1
@OlivierBabeau,Feedback,Undirected,5152,,1
@lereveildatlas,Conseil,Undirected,5153,,1
@vraiediscipline,Feedback,Undirected,5154,,1
@vinceflibustier,Conseil,Undirected,5155,,1
@CCCastera,Business,Undirected,5156,,1
@DSantarossa,Feedback,Undirected,5157,,1
@patchagil,Feedback,Undirected,5158,,1
@enraje,Business,Undirected,5159,,2
@JeReinforme,Innovation,Undirected,5160,,1
@OlympeReve,Innovation,Undirected,5161,,1
@Affordanceinfo2,Business,Undirected,5162,,1
@obitor_xmr,Education,Undirected,5163,,1
@dsampaolo,Business,Undirected,5164,,2
@martin_anota,Business,Undirected,5165,,1
@LeMedecinSympa,Business,Undirected,5166,,1
@adamastery,Innovation,Undirected,5167,,2
@hamidou13_,Conseil,Undirected,5168,,1
@ParresiastesPrt,Education,Undirected,5169,,1
@papagopro,Conseil,Undirected,5170,,1
@louduol,Education,Undirected,5171,,1
@qffwffq,Conseil,Undirected,5172,,1
@7IM37,Innovation,Undirected,5173,,1
@Crly__,Feedback,Undirected,5175,,1
@ludidemoldefe,Business,Undirected,5176,,1
@kevindegila,Business,Undirected,5177,,1
@JrCopywriting,Innovation,Undirected,5178,,1
@ShirleyAlmCh,Feedback,Undirected,5179,,1
@germanswinger75,Conseil,Undirected,5180,,2
@flaviieem,Education,Undirected,5181,,1
@haroldtankpinou,Business,Undirected,5182,,1
@linval59,Innovation,Undirected,5183,,1
@Docteurgang34,Education,Undirected,5184,,1
@_May,Conseil,Undirected,5185,,1
@Ange_Manou1,Business,Undirected,5186,,1
@adhavet,Conseil,Undirected,5187,,1
@neiljomunsi,Innovation,Undirected,5189,,1
@Frederic_Kingue,Business,Undirected,5190,,1
@Aln54Dz,Conseil,Undirected,5192,,1
@CryptoPicsou,Feedback,Undirected,5193,,1
@Bilataa,Feedback,Undirected,5194,,1
@AmBlk8,Conseil,Undirected,5195,,1
@cslmlarif,Business,Undirected,5196,,1
@tchantchea,Business,Undirected,5197,,2
@bonmori_,Business,Undirected,5198,,1
@nysnyy,Business,Undirected,5199,,1
@onlywooke,Business,Undirected,5200,,1
@Fealrzlnho3111,Conseil,Undirected,5201,,1
@DandumontP,Feedback,Undirected,5202,,2
@Amirdbook,Feedback,Undirected,5204,,1
@yeppi,Feedback,Undirected,5205,,1
@BrandonLKS,Innovation,Undirected,5206,,1
@mmechautard,Conseil,Undirected,5207,,1
@yvsmiine_m,Conseil,Undirected,5208,,1
@Power,Feedback,Undirected,5209,,1
@T_Nenninger,Innovation,Undirected,5210,,1
@kevindegila,Feedback,Undirected,5211,,2
@_Akanoa_,Innovation,Undirected,5212,,1
@lubaczeus,Feedback,Undirected,5213,,1
@nakluj,Conseil,Undirected,5214,,1
@CommeIvoir,Business,Undirected,5215,,1
@bersarkr93_,Feedback,Undirected,5216,,1
@_Ellexa,Conseil,Undirected,5218,,1
@labisse,Business,Undirected,5219,,1
@VirgileJambon,Education,Undirected,5220,,1
@NapoliCFrance,Feedback,Undirected,5221,,1
@LeoDuffOff,Innovation,Undirected,5222,,1
@Lyablo,Conseil,Undirected,5223,,1
@hubertguillaud,Feedback,Undirected,5224,,1
@Milizac83,Education,Undirected,5225,,1
@MonniauxD,Feedback,Undirected,5226,,3
@4nn4smr,Education,Undirected,5227,,1
@Racem,Conseil,Undirected,5228,,1
@tonux_samb,Education,Undirected,5230,,2
@P,Feedback,Undirected,5231,,1
@Ephr_L,Feedback,Undirected,5233,,1
@mvghribi,Feedback,Undirected,5234,,1
@GrablyR,Innovation,Undirected,5235,,1
@louisetourret,Education,Undirected,5236,,1
@Fabien_v31,Business,Undirected,5237,,1
@PasUnPoete,Feedback,Undirected,5238,,1
@Waydaksh,Feedback,Undirected,5239,,1
@hnjass,Education,Undirected,5240,,1
@clem_a_molette,Education,Undirected,5241,,1
@__dz,Business,Undirected,5242,,1
@__,Feedback,Undirected,5243,,1
@nakryumyt,Feedback,Undirected,5244,,1
@JeromeColombain,Innovation,Undirected,5245,,1
@miraiijo,Feedback,Undirected,5246,,2
@Lola_lmao7,Conseil,Undirected,5247,,1
@GerardAraud,Feedback,Undirected,5249,,1
@Biscuit_953_,Feedback,Undirected,5250,,1
@HonuaHonu,Business,Undirected,5251,,1
@EncoreUnZ,Business,Undirected,5252,,1
@tweetfr,Business,Undirected,5253,,1
@kevindegila,Conseil,Undirected,5254,,1
@Anike,Business,Undirected,5256,,1
@Kas_lben,Business,Undirected,5257,,1
@lydieinthetrain,Feedback,Undirected,5258,,1
@Blitz_Stream,Business,Undirected,5259,,1
@foutez_moi_la_p,Business,Undirected,5260,,1
@FerryDanini,Business,Undirected,5261,,1
@Praska,Business,Undirected,5262,,1
@sarendil,Feedback,Undirected,5263,,1
@TheRealOne,Business,Undirected,5264,,1
@IAventurier,Business,Undirected,5265,,1
@pbeyssac,Business,Undirected,5266,,1
@Madame_Poppins,Business,Undirected,5267,,1
@tweetfr,Innovation,Undirected,5268,,1
@MimeOsen,Business,Undirected,5269,,1
@afrodeezia,Feedback,Undirected,5270,,1
@babaeldoctor,Feedback,Undirected,5271,,1
@Onizukagui,Education,Undirected,5272,,1
@sabronx__,Education,Undirected,5273,,1
@gndguy,Innovation,Undirected,5274,,1
@N1ark_,Innovation,Undirected,5275,,1
@malakssm,Business,Undirected,5276,,1
@PitBill_Gates,Conseil,Undirected,5277,,1
@sorcierdelecom2,Innovation,Undirected,5278,,1
@chris_linky,Feedback,Undirected,5279,,1
@Ssaasquatch,Education,Undirected,5280,,1
@Doug_Harmoniak,Conseil,Undirected,5281,,1
@harou_rachid,Education,Undirected,5282,,1
@gchampeau,Education,Undirected,5283,,1
@gkierzek,Education,Undirected,5285,,1
@LePoint,Innovation,Undirected,5288,,1
@BetterCallMedhi,Education,Undirected,5289,,1
@TmtIris,Business,Undirected,5290,,1
@ClervilSandy,Education,Undirected,5291,,1
@Emilien_IA,Education,Undirected,5292,,1
@BastienWeb3,Business,Undirected,5293,,1
@Dy_Ndjol,Education,Undirected,5294,,1
@marilynfanyo,Business,Undirected,5295,,1
@JeanMarieCAVADA,Feedback,Undirected,5296,,1
@juanmaria_yard,Business,Undirected,5297,,1
@AldoSterone111,Education,Undirected,5298,,1
@CopylearningMax,Innovation,Undirected,5299,,2
@rowjayCOB,Business,Undirected,5300,,1
@Seoblackout,Education,Undirected,5301,,1
@profquidamn,Education,Undirected,5302,,1
@162310J,Business,Undirected,5303,,1
@goIden,Conseil,Undirected,5304,,1
@LeDonFR,Conseil,Undirected,5305,,1
@nguyen_nico,Education,Undirected,5306,,1
@floenergie,Feedback,Undirected,5307,,1
@WillCtY91,Education,Undirected,5308,,1
@Bontemps_f,Innovation,Undirected,5309,,1
@P,Business,Undirected,5310,,1
@tolosamedia2,Innovation,Undirected,5311,,1
@dsampaolo,Innovation,Undirected,5312,,1
@PageSama,Innovation,Undirected,5315,,1
@dsampaolo,Conseil,Undirected,5316,,1
@By,Conseil,Undirected,5317,,1
@charlonstone3,Business,Undirected,5318,,1
@gchampeau,Business,Undirected,5319,,1
@puteaDio,Education,Undirected,5320,,1
@AmirKnjd,Feedback,Undirected,5321,,1
@DupClarinet,Innovation,Undirected,5322,,1
@1902MN,Innovation,Undirected,5323,,1
@nssn323,Innovation,Undirected,5324,,1
@delusion0l,Education,Undirected,5325,,1
@dr_l_alexandre,Education,Undirected,5326,,3
@SouthOnoze,Conseil,Undirected,5327,,1
@youngjeune_off,Education,Undirected,5329,,1
@Songsa93,Conseil,Undirected,5330,,1
@MonniauxD,Conseil,Undirected,5331,,1
@Vinteuil_LTP,Business,Undirected,5332,,1
@Melp_c,Innovation,Undirected,5333,,1
@emile_marzolf,Feedback,Undirected,5334,,1
@erwanlenoan,Innovation,Undirected,5335,,1
@Mabii33,Feedback,Undirected,5337,,1
@mwakast,Education,Undirected,5338,,1
@M07Youss,Business,Undirected,5339,,1
@colinlebedev,Feedback,Undirected,5340,,1
@LeCheikh,Feedback,Undirected,5341,,1
@planetom13,Feedback,Undirected,5343,,1
@dareljedid,Feedback,Undirected,5344,,1
@MichelBillaud,Innovation,Undirected,5345,,1
@Petit_Fayot,Feedback,Undirected,5346,,1
@rousseltc,Education,Undirected,5347,,1
@Deep_GeniusAi,Innovation,Undirected,5348,,1
@ABaradez,Innovation,Undirected,5349,,1
@mc_evah,Business,Undirected,5350,,1
@MathieuFlex,Education,Undirected,5352,,1
@TradingYT,Conseil,Undirected,5355,,1
@GuillaumeBarucq,Feedback,Undirected,5356,,1
@Ayoubspp,Business,Undirected,5357,,1
@JourneeMerde,Feedback,Undirected,5358,,1
@Boris_Gauty,Feedback,Undirected,5359,,1
@efysaboutey,Conseil,Undirected,5360,,1
@ptirebeu,Business,Undirected,5361,,1
@AnisBennanika,Innovation,Undirected,5362,,1
@twogrey,Feedback,Undirected,5363,,1
@lauraine_glow,Innovation,Undirected,5364,,1
@nicolashosotte,Innovation,Undirected,5365,,1
@192,Education,Undirected,5366,,1
@djigane,Education,Undirected,5368,,1
@AntoineOspital,Innovation,Undirected,5369,,1
@Mrs_Djenifer,Innovation,Undirected,5372,,1
@AnthonyRochand,Innovation,Undirected,5374,,1
@_IA,Innovation,Undirected,5375,,1
@Ecom,Innovation,Undirected,5376,,3
@mac_hour,Feedback,Undirected,5378,,1
@MemeCryptoFR,Innovation,Undirected,5379,,1
@grisou97160,Feedback,Undirected,5380,,1
@Mahtarus,Innovation,Undirected,5381,,1
@69HMeat,Business,Undirected,5382,,1
@9wd_3liya,Business,Undirected,5383,,1
@tetedefleur,Business,Undirected,5384,,1
@Cabaroc,Business,Undirected,5385,,1
@parlemoulastb,Feedback,Undirected,5386,,1
@AlizeeEnglish,Education,Undirected,5388,,1
@Les__Infiltres,Feedback,Undirected,5389,,1
@RaveaudGilles,Innovation,Undirected,5390,,1
@masquedelapeste,Feedback,Undirected,5391,,1
@Youssnk,Education,Undirected,5392,,1
@Emk,Business,Undirected,5394,,1
@7,Feedback,Undirected,5395,,1
@_allmne,Education,Undirected,5396,,1
@EnzoManis,Innovation,Undirected,5397,,1
@MiaouPlatinum,Feedback,Undirected,5398,,1
@taisezmoi,Business,Undirected,5399,,1
@Hoeslovebatsko,Education,Undirected,5400,,1
@xbt,Business,Undirected,5401,,1
@msnsdbb,Business,Undirected,5402,,1
@_iblevrai,Education,Undirected,5403,,2
@KimJoaoUn,Innovation,Undirected,5404,,1
@homogopnikus,Innovation,Undirected,5405,,1
@AnthonyRochand,Education,Undirected,5406,,1
@giulw0nderland,Education,Undirected,5407,,1
@LucyMotherOf4,Business,Undirected,5408,,1
@laurentchemla,Education,Undirected,5410,,1
@seaweed___,Feedback,Undirected,5411,,1
@sousH,Business,Undirected,5412,,1
@brb_,Business,Undirected,5413,,1
@cheikhdia20,Innovation,Undirected,5414,,1
@59_,Business,Undirected,5415,,1
@bucciarati_sf,Business,Undirected,5416,,1
@melvynxdev,Feedback,Undirected,5417,,3
@logan_bzh,Feedback,Undirected,5419,,1
@lauhaim,Conseil,Undirected,5420,,1
@Saeptem,Business,Undirected,5421,,1
@ACELAWJTM,Feedback,Undirected,5422,,1
@Mad_Chien,Education,Undirected,5423,,1
@MuchoSaucee,Conseil,Undirected,5424,,1
@ayaye,Feedback,Undirected,5425,,1
@TheTall,Education,Undirected,5426,,1
@dieguit05147017,Business,Undirected,5430,,1
@standhighpatr0l,Conseil,Undirected,5431,,1
@Paulo_Douard,Education,Undirected,5432,,1
@letheoricien228,Business,Undirected,5433,,1
@CCiminelli,Business,Undirected,5434,,1
@SinAmor92i,Education,Undirected,5435,,1
@MonniauxD,Business,Undirected,5436,,1
@sergemahugnon,Business,Undirected,5437,,1
@LeContempIateur,Innovation,Undirected,5438,,1
@tgerbaud,Business,Undirected,5439,,1
@707BLAST,Business,Undirected,5440,,1
@tracteurDeNoel,Business,Undirected,5442,,1
@WexItfr,Business,Undirected,5444,,1
@rvleroux,Feedback,Undirected,5445,,1
@helinhz,Business,Undirected,5446,,1
@MaxiMaxime,Business,Undirected,5447,,1
@_Oky___,Business,Undirected,5449,,1
@aliamsi,Feedback,Undirected,5451,,1
@_v2,Business,Undirected,5452,,1
@peco3k,Feedback,Undirected,5453,,1
@frank_sbr,Feedback,Undirected,5454,,1
@ohblaise,Feedback,Undirected,5456,,1
@Emilien_IA,Feedback,Undirected,5457,,1
@pxblxonroad,Innovation,Undirected,5458,,1
@adam_bros,Education,Undirected,5459,,1
@_Gost__,Education,Undirected,5460,,1
@Quentin_AI,Education,Undirected,5461,,1
@GneuGneuGne,Education,Undirected,5462,,1
@EspritEcom,Innovation,Undirected,5463,,1
@DigitalGanon,Business,Undirected,5465,,1
@lauhaim,Business,Undirected,5466,,1
@PbjbP,Feedback,Undirected,5467,,1
@_cocolait,Feedback,Undirected,5468,,1
@lightonseo,Education,Undirected,5469,,1
@Chinedu_Anyawu_,Business,Undirected,5470,,1
@ornikkar,Feedback,Undirected,5471,,1
@sstn23,Education,Undirected,5472,,1
@diradefo,Innovation,Undirected,5473,,1
@Cobra_FX_,Education,Undirected,5474,,1
@Uneheuredepeine,Conseil,Undirected,5475,,1
@pierrelapin,Feedback,Undirected,5476,,1
@_dlt2,Business,Undirected,5477,,1
@himvlvyv,Feedback,Undirected,5480,,1
@statista_fr,Conseil,Undirected,5481,,1
@StephanieLevy75,Feedback,Undirected,5484,,1
@sixpixels_web,Education,Undirected,5485,,1
@ismatagaa,Feedback,Undirected,5486,,1
@apithymario,Feedback,Undirected,5487,,1
@Coder,Education,Undirected,5488,,1
@uji,Feedback,Undirected,5489,,1
@CatchNewz,Conseil,Undirected,5490,,1
@greg_devin_,Feedback,Undirected,5491,,1
@AurlienGirard4,Feedback,Undirected,5492,,1
@MLFnathan,Education,Undirected,5493,,1
@winchesterb,Feedback,Undirected,5494,,1
@JaydeHoover,Business,Undirected,5495,,1
@rdmgirlfrmrio,Business,Undirected,5496,,1
@MoneyFacile_,Business,Undirected,5497,,1
@rolardinho,Business,Undirected,5498,,1
@vbt,Feedback,Undirected,5499,,1
@UmmuLayan,Education,Undirected,5501,,1
@OsmanKtr_,Education,Undirected,5502,,1
@Ladji_IA,Education,Undirected,5503,,3
@gabivoui2,Business,Undirected,5504,,1
@lbonnvieu,Feedback,Undirected,5505,,1
@NajBfit,Business,Undirected,5506,,1
@FPTFuckZOB,Feedback,Undirected,5507,,1
@jjvie,Feedback,Undirected,5508,,1
@MisterIA_off,Feedback,Undirected,5510,,1
@AiExplorerFR,Business,Undirected,5512,,1
@_LouisT,Conseil,Undirected,5513,,1
@SideKalott,Feedback,Undirected,5514,,1
@matumo_b,Feedback,Undirected,5515,,1
@Enthoven_R,Business,Undirected,5516,,1
@conseilsmkg,Conseil,Undirected,5517,,1
@FranklinNYAMSI,Feedback,Undirected,5518,,1
@Obeyvenality,Feedback,Undirected,5519,,1
@Icham3g,Innovation,Undirected,5521,,1
@Promptist6787,Conseil,Undirected,5522,,1
@ataraxiahm,Feedback,Undirected,5523,,1
@sebastienfucini,Feedback,Undirected,5524,,1
@SoMabrouk,Business,Undirected,5525,,2
@globhumanitaire,Feedback,Undirected,5528,,1
@Dorialexander,Innovation,Undirected,5529,,1
@Wnt,Conseil,Undirected,5530,,1
@JEANISLAM92,Feedback,Undirected,5531,,1
@EnvoyeSpecial,Business,Undirected,5532,,1
@babgi,Conseil,Undirected,5534,,1
@Le_Trema,Education,Undirected,5535,,1
@Ladji_IA,Feedback,Undirected,5536,,1
@AlexisPhilo,Feedback,Undirected,5537,,1
@melvynxdev,Innovation,Undirected,5538,,1
@cheikhmatarF,Innovation,Undirected,5539,,1
@FMCamara,Innovation,Undirected,5540,,1
@lilipucehyene,Education,Undirected,5542,,1
@ouvertya2min,Conseil,Undirected,5543,,1
@y4n05h,Business,Undirected,5544,,1
@BelkacemB,Feedback,Undirected,5545,,1
@SergeCorp,Feedback,Undirected,5546,,1
@CubaEnLacoste,Business,Undirected,5547,,1
@IAoptima,Feedback,Undirected,5548,,1
@zlotys_50,Feedback,Undirected,5549,,1
@haspidox,Conseil,Undirected,5550,,1
@0xygenation,Innovation,Undirected,5551,,1
@sorcierdelecom,Conseil,Undirected,5552,,1
@bapt_dailyens,Conseil,Undirected,5553,,1
@92,Education,Undirected,5554,,1
@taisezmoi,Feedback,Undirected,5556,,1
@max2barres,Education,Undirected,5557,,1
@djigane,Feedback,Undirected,5558,,1
@FlorentNouguez,Feedback,Undirected,5559,,1
@noemie_issan,Feedback,Undirected,5560,,1
@Ulysse_Rives,Feedback,Undirected,5561,,1
@ledevnovice,Feedback,Undirected,5562,,1
@AiExplorerFR,Feedback,Undirected,5563,,1
@CreateurContenu,Business,Undirected,5565,,1
@CWeb2fou,Conseil,Undirected,5566,,1
@dailyklo92,Education,Undirected,5568,,1
@willsanwidi,Innovation,Undirected,5569,,1
@KouahHonor,Feedback,Undirected,5570,,1
@vinceflibustier,Business,Undirected,5572,,2
@librairesecache,Business,Undirected,5575,,1
@dead_univers,Feedback,Undirected,5576,,1
@jeminformectout,Innovation,Undirected,5580,,2
@JulienPaniac,Business,Undirected,5582,,1
@CentreJeanRiGol,Education,Undirected,5584,,1
@TheAlexCallen,Innovation,Undirected,5585,,1
@batmanxnv,Innovation,Undirected,5586,,1
@angelotchka,Feedback,Undirected,5587,,1
@OlivierBabeau,Business,Undirected,5588,,1
@VirginieMartin_,Education,Undirected,5590,,1
@EnzoManis,Conseil,Undirected,5591,,2
@Thomas_Copy_,Innovation,Undirected,5592,,1
@Emilien_IA,Conseil,Undirected,5593,,1
@baldwintktk,Innovation,Undirected,5597,,1
@Botstartt,Conseil,Undirected,5601,,1
@IApocalypse_Now,Business,Undirected,5603,,1
@lintropreneur,Innovation,Undirected,5604,,1
@Think,Innovation,Undirected,5606,,1
@lucasvigiani,Education,Undirected,5607,,1
@S_Tronche,Conseil,Undirected,5608,,1
@L,Education,Undirected,5609,,1
@Hortensius,Conseil,Undirected,5610,,1
@clairemmathieu,Feedback,Undirected,5611,,1
@Poulin2012,Education,Undirected,5612,,1
@MAGagnonJDQ,Feedback,Undirected,5613,,1
@BlemontD,Business,Undirected,5614,,1
@YeoKanigui,Education,Undirected,5615,,1
@CocoDoBraz,Business,Undirected,5616,,1
@DFintelligence,Innovation,Undirected,5617,,1
@compte_touitere,Business,Undirected,5618,,1
@Mr_lobservateur,Innovation,Undirected,5621,,1
@FSucculent,Business,Undirected,5623,,1
@MarieLaureGB,Business,Undirected,5624,,1
@fuchs_web,Innovation,Undirected,5625,,1
@LLCoolJuiphe,Conseil,Undirected,5626,,1
@Jean__Emard,Business,Undirected,5627,,1
@OblivionSEOtaku,Business,Undirected,5628,,1
@magali_psqrs,Business,Undirected,5629,,1
@SylvainPaley,Business,Undirected,5630,,1
@abuixan,Innovation,Undirected,5631,,1
@tw2ezy,Education,Undirected,5633,,1
@iam_djessou,Conseil,Undirected,5634,,1
@Think,Business,Undirected,5637,,1
@SeymourDeViro,Business,Undirected,5639,,1
@fvckthem_all,Education,Undirected,5640,,1
@Bourmu,Education,Undirected,5642,,1
@sergio_coma,Business,Undirected,5643,,1
@Awake,Education,Undirected,5645,,1
@robin_psg,Business,Undirected,5646,,1
@By,Education,Undirected,5647,,1
@mla,Feedback,Undirected,5648,,1
@tchantchea,Conseil,Undirected,5650,,1
@vagabondII,Education,Undirected,5651,,1
@Neil_le_retour,Business,Undirected,5652,,1
@MayWest_,Conseil,Undirected,5653,,1
