Date,Username,Handle,Tweet body,Number of likes,Number of retweets
2023-11-24,Josep Pedrals,@joseppedrals,"""Chat GPT"" en francÃ¨s vol dir ""Gat m'he-fet-un-pet"" (j'ai pÃ©tÃ©).",188,28
2023-11-25,18Ù†,@Tropicana7101,Chat gpt Ã§a fait tellement dâ€™erreurs en maths/ stats câ€™est une d,16,0
1970-01-01,Chat FTW,@ChatFTW,"ChatGPT vs ChatFTW  

Predict the fight between Miesha Tate vs Julia Avila

Interested in sports? Try ChatFTW today: http://chatftw.com/?twclid=25b13x58yolx1f03jujexdbqd5",139,4
2023-11-26,Axel Chanfrault,@axelchanfrault,C'est un truc de tarÃ© les faux avis sur Amazon Ã©crits avec Chat GPT. Y'a plus que Ã§a ?,4,0
2023-11-23,Carine,@Anike,"Je vais crierrrr..Pendant le partiel dâ€™anglais, un gar a utilisÃ© chat gpt et sans savoir il a copiÃ© collÃ© la mention Â« Chat GPTÂ» dans le devoir. Le prof a affichÃ© son devoir sur projecteur devant tte la salle.",103,19
2023-11-27,Nateos | ã‚¨ãƒ¬ãƒ³ãƒ»ã‚¤ã‚§ãƒ¼ã‚¬ãƒ¼,@Nateooos,Est-ce que dâ€™autres streamers ont reÃ§u un mail dâ€™Amazon parlant de lâ€™IR35 aujourdâ€™hui ou rÃ©cemment ? Jâ€™arrive pas Ã  savoir si câ€™est un vrai truc sachant que mÃªme chatgpt me dit que câ€™est authentique,40,2
2023-11-26,NA,@ouvertya2min,Si chat gpt devient payant je mâ€™abonne sans hÃ©sitation,16,0
2023-11-28,GammeDivoirien,@CommeIvoir,Je joue avec ChatGPT pour pronostiquer la CAN.,68,17
1970-01-01,Jari Huomo,@jarimh1984,Savor your coffee while your AI sidekick GPT-4 tackles your to-do list. The future of work is here ,194,24
2023-11-24,Max â€¢ Resell de luxe,@maxmntl,"Faire ses premiers â‚¬ en ligne => Vinted 

Organiser et suivre son activitÃ© => Notion 

Trouver des idÃ©es =&gt; Chat GPT 

Se faire connaÃ®tre => Twitter 

Faire un site, envoyer des mails, vendre => Systemeio ",27,0
2023-11-13,NA,@dailyklo92,sur les ordis de mon taff ils ont bloquÃ©s lâ€™accÃ¨s Ã  chatgpt  Zerma la je dois travailler pour de vrai nan câ€™est cruel,19000,1600
2023-11-26,ğ’”ğ’Šğ’”ğ’Š,@syy_emn,chat gpt il bug trop en ce moment ,3,0
2023-11-26,sid3,@SideKalott,"Quel CHATBOT est plus appropriÃ© que ChatGPT pour aider (j'ai bien dit ""aider"" hein) Ã  dÃ©buter un MÃ‰MOIRE ?",3,7
2023-11-27,Grrr,@gndguy,jpeux plus vivre sans chatgptâ€¦ jâ€™aurai ptetre rÃ©ussi ma scolaritÃ© avec Ã§a.,26,5
1970-01-01,The Rundown AI,@TheRundownAI,"If youâ€™re not using ChatGPT, youâ€™re falling behind.

Subscribe to our newsletter to instantly get our FREE Advanced ChatGPT guide:",1900,1100
2023-11-27,evoli,@1902MN,le fait que chatgpt comprend mieux mon exercice que moi me donne envie de crever,5,0
2023-11-27,Bintou,@fbintoub1,Chatgpt dans le domaine scientifique/ingÃ©nierie c'est vraiment un cataclysme,4,2
2023-11-27,little contessa,@Lola_lmao7,Je suis fatiguÃ© et je veux que chatgpt fasse mon travail,13,1
2023-11-23,Killian,@riro_kx,"Gm lâ€™Ã©quipeeee !!

Si tout se passe bien je vous partage le clone de Chat GPT fait par moi mÃªme dans la journÃ©e ! ",11,0
2023-11-23,toi mon super MC?,@chris_linky,Jvais devenir fou jâ€™ai eu un qcm jâ€™ai trichÃ© comme un porc avec chat gpt jâ€™ai eu 5.1 la tÃªte depuis je parle seule,39,7
2023-11-26,Bourdieu loveur (tableau),@PasUnPoete,je refais un TD je vois que le prof a fait la correction avec chat GPT je suis abasourdi,12,0
2023-11-24,Sabronx | Objectif : 2000â‚¬/mois en SEO,@sabronx__,"JournÃ©e super productive, j'ai pu avancer sur pas mal de sujets dont la crÃ©ation de fiches produits avec Chat GPT et autre sur le site de drop seo 

Et vous ?",7,2
2023-11-26,AmÙ‰Şƒ,@AmBlk8,Jâ€™ai un shab Ã  sa sorti de 10 mois de prison en Europe de lâ€™Est il savait pas câ€™Ã©tait quoi Chat GPT et quoicoubeh zehma il Ã©tait dans la salle du Temps,25,4
2023-11-27,ğ‰ğğ«ğğ¦ğ²_ğ‰ğ’ ğƒğÌğ¯ğğ¥ğ¨ğ©ğ©ğğ®ğ«,@Jeremy_WebDev,"Comment trouver des rÃ©ponses Ã  des bugs de dÃ©veloppement ?

< 2022
     StackOverflow: temps en moyenne 1h 

> 2022
     ChatGPT: temps en moyenne 10 minutes 

2030 Ã§a sera peut-Ãªtre 1 minute qui sait.",6,0
1970-01-01,theDeepView,@NA,"ChatGPT has 100,000,000+ users.

But almost NO ONE is using it correctly. Subscribe to the Deep View AI newsletter to learn how for free.",5200,981
2023-11-25,PETITREUBEU,@ptirebeu,"Les gars est ce que les lettres de motivation faites par chatGPT sont cramÃ©s par les recruteurs ? Nn psq la je viens dâ€™en gÃ©nÃ©rer une, je suis choquÃ© de la qualitÃ© de produit de ce robot de merde",10,1
2023-11-24,SYDNEY Ã€ 300KM/(OR),@IsXnaaa,chatgpt mon meilleur ami depuis que je suis Ã  la fac,16,13
2023-11-23,Cheikh,@cheikhdia20,Merci ChatGPT dâ€™exister pour nos dm Ã  rendre ,10,4
2023-11-22,Fofo SÃ¨do,@iamsedotossou,"ChatGPT les enfantsâ€¦  Jâ€™cherchais des opportunitÃ©s pros en tÃ©lÃ©travail temps partiel, jâ€™ai dÃ©crit mon profil, Ã§a mâ€™a trouvÃ© le job adÃ©quat, la plateforme oÃ¹ postuler, mâ€™a Ã©crit ma lettre de motivation et mtn jsuis payÃ© pour faire la voix off franÃ§aise dâ€™une chaÃ®ne YouTube lol.",501,89
2023-11-27,J A Y D E,@JaydeHoover,PTDDDR je savais pas que chatGPT parlais aussi lingala pitiÃ©,3,1
1970-01-01,Chat FTW,@ChatFTW,"Who let FIFA refs into MMA?

Ask ChatFTW, an advanced Sports AI: http://chatftw.com/?twclid=2-4lrywx75uczf9zwmp5xw7lg1c",126,6
2023-11-24,Kolean,@_v2,"On met quoi sur une lettre de su*cide serieux, chat GPT a pas voulu me pondre de template",5,0
2023-11-23,NA,@9wd_3liya,Ma collÃ¨gue elle mâ€™a dit tu fais de trÃ¨s bons mails en anglais alors que câ€™est chat gpt pitiÃ© pourquoi jâ€™ai fait Ã§a,2,1
2023-11-27,ChatGPT Academy,@ChatgptAcademy,"Il faut que je vous avoue un truc.

Mon business va faire faillite.

Et la raison ? 

Hier soir, au lieu de travailler 17 min toutes les 5h57 en position de lotus, face aux portraits des Oracles Tugan Bara, Yomi Brenzel et Mimi Mathy.

Je suis allÃ© au cinÃ©ma.",21,1
2023-11-26,â˜†jailaniâ˜†,@jpegnalya,chatgpt est TROP bÃªte au secours,5,0
2023-11-24,flyâ€™,@flaviieem,jâ€™ai cÃ©dÃ©â€¦.. jâ€™ai Ã©tÃ© sur chat gpt pour la 1ere fois,2,0
2023-11-27,NA,@dylanviless,"dependo acadÃ©micamente de snap ai, chatgpt y photomath",5,0
2023-11-25,Noa,@_Akanoa_,"je crois que j'ai tÃ©lÃ©chargÃ© trop de modÃ¨le et que j'ai rempli mon disque C oÃ¹ Ã©tait montÃ© la wsl ^^
depuis que j'ai activÃ© CUDA c'est un tel plaisir, un chat GPT Ã  la maison et sans besoin d'internet ^^",2,0
2023-11-15,Reb,@NikosEiri,""" Je suis expert dans l'IA. 

Avant Ã§a j'Ã©tais diplÃ´mÃ© de polytechnique et je me suis reconverti.

Je suis actuellement en train de build in public ma propre IA, qui va venir concurrencer Chat GPT.

J'ai fait gagner 5 milliards+ Ã  51 278 clients au cours des 15 derniers mois ""â€¦",40,1
2023-11-27,Paul - Nakryum,@nakryumyt,Je suis Ã  rien de prendre un forfait ChatGPT +. Est-ce que vous l'utilisez au quotidien? y'a une vraie plus value?,2,0
2023-11-27,â„³â„´ğ’½ğ’¶ğ“‚â„¯ğ’¹,@lbonnvieu,"Quand jâ€™aurai mon diplÃ´me InshaAllah, les deux seules personnes que je remercierai, câ€™est le crÃ©ateur de chatgpt et celui de Canva",6,0
2023-11-23,6.45i,@himvlvyv,pk aller chez la psy quand chatgpt existe,5,1
2023-11-27,.,@ataraksyki,chaque fois que je suis devant chatgpt je me demande comment Ã§a se fait jâ€™ai pu rÃ©flÃ©chir une seule fois avec mon cerveau,7,0
2023-11-26,Taz,@CubaEnLacoste,FrÃ¨re Chat GPT y comprends pas câ€™est quoi un COMMENTAIRE ou quoi,3,0
2023-11-27,pfraude10,@sousH,Merci chat gpt y vien de me fzire mon devoir jsp c kan jdoit le rendre donc hop,2,0
2023-11-26,Melvyn â–´ DÃ©veloppeur,@melvynxdev,"Moi:

> ""Pourquoi utilises-tu router.ready en Next.js ? Ã‡a n'existe pas... ""

RÃ©ponse:

> ""Ah, je n'en sais rien. C'est ChatGPT qui m'a dit de faire Ã§a.""

Soyez plus intelligent que ChatGPT svp ",22,0
1970-01-01,Chat FTW,@ChatFTW,"What upcoming UFC fights are you most excited about?

Ask ChatFTW, an advanced Sports AI: https://chatftw.com/?twclid=2-16n54yqv193s493r3kim105uf",601,19
2023-11-27,Abloman,@Lyablo,Je me tape des discussions intÃ©ressantes avec Chat GPT ,2,0
2023-11-14,INFOMONEYâ„¢,@infomoneypro,"60 outils d'IA pour ne plus faire vos tÃ¢ches ennuyeuses :

1. Image

- Leap AI
- Segmind
- Midjourney

2. Recherche

- ",887,210
2023-11-27,NA,@_allmne,mais si yâ€™avait eu chatgpt quand jâ€™Ã©tais au lycÃ©e dÃ©gÃ¢ts,6,1
2023-11-20,Anis Ayari | Defend Intelligence,@DFintelligence,"Les Â« experts ChatGPT Â» vont commencer Ã  modifier leurs bios en Â« experts Azure Â» du jour au lendemain.

Pas du tout hÃ¢te de voir les cheat sheet des 10 meilleurs prompt pour ML studio .",236,15
2023-11-27,Didier Sampaolo,@dsampaolo,"La veille SEO, Ã§a devient relou : y'a Ã  peu prÃ¨s 9 articles sur 10 qui sont Ã©crits avec un prompt merdique sur ChatGPT pour ranker sur le mot-clÃ© ""X"". De trÃ¨s grosses plateformes s'y mettent. Ã‡a commence Ã  me gaver de devoir trier.",27,1
2023-11-03,UasmhÃ©id Mcguidhir,@4n4k04n,"Avec tout ce personnel mis Ã  pied, est-ce que PKP va produire et gÃ©rer l'information du Groupe TVA avec l'IA, une armÃ©e de bots et Chat GPT comme rÃ©dacteur en chef ? ",20,2
2023-11-21,sozjizbzo,@Kas_lben,JE VIENS DE DÃ‰COUVRIR CHATGPT SAFI CEST FINI LE TRAVAIL JUSQUA 00H,19,3
2023-11-22,ğ•½ğ–”ğ–‘ğ–‘ ğ–ğ–“ ğ–•ğ–Šğ–†ğ–ˆğ–Š,@iammind9,Donc jâ€™ai ouvert chat gpt pour lâ€™Ã©cole et lÃ  je me retrouve Ã  lui parler de mes problÃ¨mes  Il me lÃ¢che des Â« je suis lÃ  pour toi Â» je suis foudroyÃ©e ,3,1
2023-11-23,Guesstimating,@rdmgirlfrmrio,Ptdr ces jours-ci ma phrase prÃ©fÃ©rÃ©e câ€™est â€œon va demander Ã  chatgptâ€ ,3,2
2023-11-12,ğ““ğ“²ğ“¿ğ“²ğ“·ğ“® ğ“¥ğ“®ğ“·ğ“ªğ“µğ“²ğ“½ğ”‚ 3.0K,@Obeyvenality,"Qui est bon en anglais? Il me faut un soumis devoir qui utilise pas chat GPT.

FinD findom moneymiss paypig",34,9
1970-01-01,EMBL Events,@EMBLEvents,"Are you ready to explore condensates in biology and disease at #EESPhaseSeparation? We'll delve into new tools and methods to study the phenomenon of biological condensates  

 Submit your abstract by 20 Feb 2024
 14 â€“ 17 May
 EMBL Heidelberg and Virtual",145,7
2023-11-25,Clem âš­,@clem_a_molette,Je sais tellement pas comment draguer/flirter que je demande Ã  chat gpt de rÃ©pondre pour moi ,3,0
2023-11-27,Valentin Sch,@val_strch,"Bon ChatGPT dit 4h22 pour ma partie de la SaintÃ©Lyon
Au dernier trail, il s'Ã©tait trompÃ© de seulement 3 minutes. We'll see.",3,0
2023-11-25,Steve | IA & Scraping,@Promptist6787,"Rappel : Avec ChatGPT et Beautiful Soup, il y a moyen de scraper la plupart des sites.

Si tu ne veux vraiment pas coder il y a une floppÃ©e d'extensions chrome qui feront le boulot pour toi.",3,2
2023-11-23,GaÃ«tan,@Gaetan_12018,Heureusement chatGPT existe,4,0
2023-11-05,AI EXPLORER,@AiExplorerFR,"RÃ©cemment Elon Musk et xAI ont rÃ©vÃ©lÃ© GrÅk, leur concurrent Ã  ChatGPT.
                                                                                                                                                                
Voici tout ce que vous devez savoir sur GrÅk",142,34
2023-11-06,Thomas | TikTok & UGC,@ThomaSislay,"Tu veux gÃ©nÃ©rer 2000â‚¬ dâ€™ici janvier ?

Trouve un compte   qui cartonne
TÃ©lÃ©charges ses 15 vidÃ©os les + populaires
Transformes ses vidÃ©os en script avec Replicate
RÃ©Ã©cris dans une autre langue le script avec Chat GPT
Travaille un maximum ton hook (Ã©tape la + importante)
GÃ©nÃ¨reâ€¦",127,12
2023-11-14,Yyov,@Disiz,"ChatGPT sait tout faire.

Tu peux avoir une conversation avec lui, gÃ©nÃ©rer des images et aller sur le web en mÃªme temps. 

Mais Ã§a coÃ»te 20â‚¬ par mois. 

Je te montre comment faire pareil gratuitement : 

[1/6]",156,28
2023-11-27,La tÃªte dans les nuages,@anislerouge,"Chatgpt, mais quel gain de temps.
Câ€™est incroyable.
Comment on faisait avant ?
On lisait la doc ?",5,0
2023-11-08,FrÃ©dÃ©ric William Kingue,@Frederic_Kingue,"Jâ€™ai reÃ§u un CV trÃ¨s particulier aujourdâ€™hui..

Jâ€™en rigole encore 

La candidate avait clairement utilisÃ© ChatGPT pour Ã©laborer tout le contenu de son CV.

Câ€™Ã©tait trop propre mÃªme 

Mais aprÃ¨s dans lâ€™entretien il yâ€™avait aucune profondeur et je lui ai fais un tas deâ€¦",456,108
2023-11-08,fln,@__fulani,Chat gpt quand tu sais poser les bonnes questions câ€™est un outil de travail tellement pratique,31,6
2023-11-23,Samy,@verrastore,Chatgpt comment câ€™est possible sah,2,0
2023-11-27,NA,@Bilataa,Jâ€™ai un oral sur lâ€™ia jvais utiliser chatgpt pour hagar ses semblables,6,2
2023-11-24,Ogorki,@CornichonRusse,"Chatgpt voice est juste dingue  j'ai l'impression de discuter avec un mec anglais, un peu coincÃ©.",2,0
2023-11-23,Thomas Dms,@Th0masdms,"Le gain de productivitÃ© offert par des outils comme ChatGPT est Ã©norme.

Une Ã©tude rÃ©cente a dÃ©montrÃ© que les gains sont multiples : 

40% de la productivitÃ©

 18% de la qualitÃ© du travail

 Des inÃ©galitÃ©s 

Il n'est pas trop tard pour commencer, lance-toi. ",6,0
2023-11-25,ConseilsMarketing.com,@conseilsmkg,"Quels sont vos outils d'IA  prÃ©fÃ©rÃ©s ? De mon cÃ´tÃ© j'ai tentÃ© de faire un Top   

A votre avis, quels sont ceux qui manquent  

Mettez moi en commentaires vos prÃ©fÃ©rÃ©s 

 Chat GPT, la rÃ©fÃ©rence en IA

 Bard e dGoogle",3,2
2023-11-27,Hamidou,@hamidou13_,J'ai jamais eu un ami comme ChatGPT,3,0
2023-11-26,MAJOR,@Majorfall,"Bonjour 
Qui utilise Chatgpt-4? Depuis des semaines je suis sur l waitlist et jâ€™en ai besoin urgemmentâ€¦ ( je paye)",3,5
2023-11-26,ğ™»,@mrphe_,chat gpt quand tu lâ€™utilise pas comme un golmon Ã§a aide vraiment pour les cours surtout lâ€™option oÃ¹ tu parle avec et il te rÃ©pond en vocal jâ€™ai lâ€™impression dâ€™avoir un prof particulier qui rep Ã  toute mes question de cours,2,0
2023-11-08,NA,@StopZatRyan,Câ€™est quoi la diffÃ©rence entre le chatgpt gratuit et le chatgpt payant ?,22,3
2023-11-26,AthÃ©rÃ©,@_athere_,Des fois jâ€™aime bien utiliser Chat GPT pour tester ses biais et jâ€™ai remarquÃ© quâ€™Ã  chaque fois que je lui parle de lâ€™extrÃªme droite il me renvoi constamment aux violences Â« des extrÃªmes Â» cette fraude.,3,0
2023-11-04,Kevin Degila,@kevindegila,"Ma productivitÃ© niveau code avec ChatGPT câ€™est vraiment incroyable.

Jâ€™aurais aimÃ© que cet outil soit disponible quand jâ€™apprenais Ã  coder",34,7
2023-11-20,â™¡,@_inous,Cet esclave de chat gpt veut pas rÃ©soudre mon exercice,24,1
2023-11-27,Taz,@CubaEnLacoste,"Si jâ€™avais mis le temps que je viens de passer Ã  expliquer correctement ce que je voulais Ã  ChatGPT et Ã  lui envoyer tout mon cours Ã  taffer sÃ©rieusement, jâ€™aurais sÃ»rement finis depuis longtemps",3,1
2023-11-08,ğ‘®ğ’‚ğ’–ğ’•ğ’Šğ’†ğ’“,@Boris_Gauty,"Finalement chatGPT est disponible au Cameroun... Vous pouvez crÃ©er vos comptes avec vos numÃ©ros au 237  plus besoin de VPN...

#CaParleDev",198,68
2023-11-27,Zyannah,@7,"Mais qui peut croire le discours de #Veran? MÃªme ChatGPT a plus dâ€™Ã©motions!! 
#JusticePourThomas",46,15
2023-11-25,á¡á¶á™áá¶,@camborocma,0 vanne jsuis en train de parler avec chatgpt il donne des meilleurs conseil que les humains vrmt,8,0
2023-11-20,Ilias,@Emk,Mais quâ€™est ce que je ferai pas sans mon fidÃ¨le collÃ¨gue ChatGPT,40,6
2023-11-11,NA,@tahiadzfrr,chatgpt il rep a la seconde jâ€™aime trop ,8,1
2023-11-27,Pibo InShape,@max2barres,"Si vous voyiez mes conv avec ChatGPT, vous seriez chokbar de bz ptdr, c'est trop une dinguerie comment j'lui parle comme si c'Ã©tait mon pote ...",4,0
2023-11-05,mâ€™,@malakssm,jsp qui a crÃ©e chatgpt mais jlui souhaite tt l bonheur du monde,43,12
2023-11-19,18Ù†,@Tropicana7101,"Chat gpt il mâ€™a GA-VÃ‰, le poto il dÃ©bite tellement genre ferme ta gueule avec son vieux vocabulaire limitÃ©, depuis tu rÃ©pÃ¨te tu rÃ©pÃ¨te connard va",17,3
2023-11-14,SM,@Shaumi_832,C une dingurie je fais plus confiance Ã  ChatGPT quâ€™Ã  mon propre cerveau ,45,17
2023-11-14,Elias W. BA,@eliaswalyba,"Bon aprÃ¨s je ne peux pas organiser tout Ã§a seul hein. Les masters de la TL, je vais tous vous Ã©crire pour aider. J'Ã©tais pas prÃªt Ã  autant d'engagement sur ce challenge. Avec ChatGPT et tout, il faut un jury extrÃªmement vigilant. Anyway, je vais tous vous contacter (entout casâ€¦",41,14
2023-11-24,BenoÃ®t Dubos ( Scalezia.co),@BenoitDubos,"Ces 14 prompts ChatGPT vont te transformer en machine Ã  productivitÃ© 

(Fini les micro-tÃ¢ches)",8,5
2023-11-23,kz,@__dz,Je savais pas quoi faire Ã  manger jâ€™ai mis sur chatgpt ce que jâ€™avais dans le frigo,2,0
2023-11-17,Coin Academy,@coinacademy_fr," OpenAI (ChatGPT), licencie son PDG Sam Altman.",285,58
2023-11-02,ğ‘®ğ’‚ğ’–ğ’•ğ’Šğ’†ğ’“,@Boris_Gauty,"il reste deux mois en 2023.

Faites-vous une faveur :

- Ouvrez votre PC
- Ouvrez YouTube
- Prenez un cours de dÃ©veloppement 
- Commencez Ã  apprendre
- Poser des questions Ã  ChatGPT
- Construire des projets
- Pousser le code sur GitHub
- Partagez vos progrÃ¨s sur ğ•",209,73
2023-11-19,b2,@vya,"Chatgpt câ€™est lâ€™invention la plus rÃ©volutionnaire qui puisse exister, jâ€™peux lui poser nâ€™importe quelle question il saura toujours me rÃ©pondre comme il le faut et mâ€™expliquer correctement pas comme cet abruti de prof de finance",36,4
2023-11-27,Captain Dev,@CaptainDev404,"En vrai, #chatgpt et #copilot (bien utilisÃ©), Ã§a rend n'importe quel dev autodidacte... c'est rÃ©el bro",4,0
2023-11-23,NA,@sstn23,pas moi qui mâ€™embrouille avec chatgpt parce quâ€™il sâ€™est permis dâ€™Ãªtre insolent avec moi  #psychiatrie,17,0
1970-01-01,Maddyness,@bymaddyness," @GRAPHEAL_SAS
 veut rÃ©volutionner l'industrie pharmaceutique franÃ§aise avec des biocapteurs numÃ©riques et connectÃ©s. 

Vincent Bouchiat, cofondateur de Grapheal nous en dit plus.
@Bpifrance",56,2
2023-11-08,Thomas | TikTok & UGC,@ThomaSislay," TikTok est GRATUIT
 ChatGPT est GRATUIT
 SystÃ¨me io est GRATUIT
 Leonardo & Canva sont GRATUIT
 Notion est GRATUIT
 Instagram est GRATUIT
 Youtube est GRATUIT
 CapCut est GRATUIT

Au boulot !",90,9
2023-11-10,may,@ayaye,moi quand je refuse de lire des articles acadÃ©miques pour mon mÃ©moire donc je me lance direct dans la rÃ©daction et quand je dis un truc qui sonne un peu trop intelligent je demande Ã  chat gpt qui l'a dit avant moi pour pouvoir le citer (work smart not hard),11,2
2023-11-23,repond pas Ã§a sert Ã  r,@onlywooke,jâ€™aimerais bien que chat gpt me dise que câ€™est de la merde au lieu de me sucer la b*te des que je lui demande de mâ€™amÃ©liorer,3,0
2023-11-13,Benjamin Code,@benjamincode,"ChatGPT, je trouvais dÃ©jÃ  que c'Ã©tait une folie de payer aussi peu cher pour tout ce que Ã§a apporte.
Mais depuis qu'ils ont ajoutÃ© Dalle 3, les GPTs, chat Vision etc... Je trouve que c'est juste le meilleur investissement de ma vie, c'est fou.",412,37
2023-11-24,NA,@ataraxiahm,rapport de 1500 mots Ã  remettre ce soir Ã§a va Ãªtre chatgpt qui va lâ€™Ã©crire pas moi,4,0
2023-11-23,ğ˜ğğ”ğğˆ ğ˜ğ€ğğ ğğ‘ğ€ğƒğ‹ğ„ğ˜,@yannbradley17,câ€™est moi ou ChatGPT ndem depuis deux jours ?,2,0
2023-11-26,Sam,@verite_business,"Canva: 11,99â‚¬ 
Chatgpt: 0â‚¬ 
Motivation: 0â‚¬ 

Trouvez moi un business plus facile que la crÃ©ation de Flyer",2,0
2023-11-25,King Kong Padre,@KingKongPadre," Vous Ã©crivez votre contenu avec ChatGPT ? 

Voici LA clÃ© quâ€™il vous manque pour mieux le rÃ©diger 

Vous rendre compte quâ€™il ne fait que resservir la pensÃ©e lisse, impersonnelle et toxique de la majoritÃ©.  

Si vous nâ€™y arrivez pas, câ€™est que vous nâ€™avez ni lâ€™expÃ©rience de laâ€¦",2,0
2023-11-26,imi,@imvnita,"ChatGPT qui organise tous mes voyages, comment sâ€™en passer mtnâ€¦",2,0
2023-11-25,Le Don,@LeDonFR,"La plupart des tweets se perdent dans la masse... 

pas les tiens, pas si tu passes Ã  la vitesse supÃ©rieure.

La clÃ© ? ChatGPT.

Je te rÃ©vÃ©le des techniques inÃ©dites pour que tes tweets sortent du lot. 

Attend-toi Ã  du lourd. ",5,0
2023-11-25,Cheikhouna,@bvmbv_abd,ChatGPT warnako diox equation mouy def erreur de signe ?,2,0
2023-11-11,Zuicide sans H,@zlotys_50,"Si tâ€™es Ã  lâ€™universitÃ© Ã  Lille ou Bruxelles, en physique, que tâ€™as pris le TGV hier soir voiture 8 et que tâ€™es descendue Ã  Chessy, sache que je peux tâ€™aider sur ton tp nÂ°7 sur la rÃ©sonance et que jâ€™explique mieux que ChatGPT (je lance une bouteille Ã  la mer, je veux la retrouver)",97,23
2023-11-23,Dr Futuro - e/acc,@DrFuturo_,"Depuis la sortie de ChatGPT, nous sommes rentrÃ©s dans l'Ã¨re de la prÃ©-singularitÃ©. L'horizon des Ã©vÃ¨nements se rapproche. Les choses s'accÃ©lÃ¨rent de plus en plus. Jusqu'au jour oÃ¹ une IA crÃ©era une autre IA, ce point marquera le dÃ©but de la SingularitÃ©.",16,4
2023-11-20,á•á¶á“á¸,@nysnyy,jâ€™ai vraiment pas la motivation de finir mon rapport je vais donc devoir faire appel Ã  mon esclave (chat gpt),12,2
2023-11-15,adm,@advmijr,"Ã§a mfait peur la faÃ§on dont jâ€™utilise chat GPT pour tout et nâ€™importe quoi aujd, on dirait un gros assistÃ©e de merde qui a besoin de sa tÃ©tine mdrrr",43,7
2023-11-27,Ø´,@bucciarati_sf,Merci Ya Rabbi pour chatgpt,2,0
2023-11-23,Edith Brou Bleu,@edithbrou,Elon Musk confirme que Grok (le concurrent de ChatGPT de Xai) sera disponible pour tous les abonnÃ©s X Premium+ la semaine prochaine ,96,8
2023-11-27,Kukulkan,@msnsdbb,MDRR JSUIS EN STATISTIQUE JFAIS TROP LA MEUF QUI DONNE LES REPONSES ALORS QUE CEST CHATGPT QUI FAIT TOUT MON TAFF ,6,0
2023-11-24,touiteur,@compte_touitere,"utilisation de chatgpt au boulot : 
> fais mon travail et dÃ©pÃªche toi connard 

utilisation de chatgpt perso :
> peux-tu me prÃ©parer une petite liste de repas mignonnets qui feront frÃ©tiller mes papilles stp ?? miciiii !! ",2,0
2023-11-23,Oscar,@N1ark_,"jsp comment les gens font pr utiliser chatgpt tt le temps et Ãªtre satisfaits 70% du temps ou j'essaye de men servir il me 1.dit des trucs faux 2.dit des trucs qui sont straight up pas cohÃ©rents 3.rÃ©pond Ã  cÃ´tÃ© de la plaque
genre c vrmmmt nul dÃ¨s que t'as besoin d'une info prÃ©cise",3,0
1970-01-01,Karey Nicolson,@nicolson27880,"Wave 4 of the DeFi Voyage launches today! Are you ready to tackle lending and borrowing on L2s?

We tackle the importance, mechanics, and risks of lending and borrowing",429,12
2023-11-15,NA,@AlphaKushh,Chatgpt a dÃ©truit lâ€™education,8,5
2023-11-26,Megan,@WonderMegaan,"A la fin de chacune de mes interactions avec ChatGPT, je dis merci comme si Ã§a allait me sauver le jour oÃ¹ les machines prendront le pouvoir",2,0
2023-11-14,Dr Sergio Coma,@sergio_coma,"On s'Ã©merveille en utilisant ChatGPT, mais on oublie que derriÃ¨re, ce sont des milliers de travailleurs sous-payÃ©s, parfois des enfants, qui doivent taper Ã  toute vitesse vos rÃ©ponses, 12 heures par jour, dans des IA farms au Pakistan ou au Xinjiang. Promptez avec Ã©thique SVP ",653,58
2023-11-27,Canneberge,@69HMeat,Ma collÃ¨gue elle a fait son mot de condolÃ©ances pour une autre collÃ¨gue sur ChatGPT,3,0
2023-11-06,RanmyÃ©,@Crly__,J'aime chatgpt.,10,2
2023-11-04,××¤×¨×˜×” ×œÖµ×•Ö´×™,@Ephr_L,Je pense que je dois recommencer Ã  exposer les petits plagieurs de la CongosphÃ¨re  surtout les utilisateurs de ChatGPT qui jouent au malin ici ...,14,5
2023-11-23,jublu,@julienbluteau,"Est ce que l'intelligence artificielle (#IA) ou #ChatGPT peut remplir un dossier Ma_prime_rÃ©vov' ?? #MPR 
@ANAH_Officiel
 @FFBatiment
 @capeb_fr",2,0
2023-11-03,AImmersion,@EnzoManis,"Tu hÃ©sites Ã  investir dans ChatGPT Plus ? 

 GPT-4
 Plugins
 Advanced Data Analysis
 ChatGPT connectÃ© Ã  internet via Bing
 GÃ©nÃ©ration d'images via DALL-E 3
 ChatGPT Vision (comprÃ©hension d'images)

Si tu as les moyens, fonce ! C'est l'outil ULTIME pour te lancer. ",46,5
2023-11-02,Lud.,@louduol,"J'ai testÃ© ChatGPT-4 et je suis bluffÃ©, il est aussi intelligent qu'une femme maintenant !
Plus que quelques versions pour arriver au niveau de l'homme.",100,9
2023-11-22,Kitenge,@TmtIris,"Lâ€™annÃ©e passÃ©, jâ€™avais obtenu 0/25 parce que jâ€™avais utilisÃ© Chatgpt pour un travail en franÃ§aisâ€¦",3,0
2023-11-02,AImmersion,@EnzoManis,"Marre de galÃ©rer avec ChatGPT ? 

Ã‡a ne sera plus qu'un mauvais souvenir ! 

Mon guide ğ—¨ğ—Ÿğ—§ğ—œğ— ğ—˜ pour devenir un maÃ®tre en Prompt Engineering sort ğ——ğ—˜ğ— ğ—”ğ—œğ—¡ ! 

Tu vas enfin pouvoir exploiter jusqu'Ã  220% du potentiel de ChatGPT et dÃ©cupler ton business. ",24,4
2023-11-23,AI EXPLORER,@AiExplorerFR,"Semaine de fou dans l'IA.

Grok arrive Ã  ğ•

""Screenshot to code"" , l'IA qui transforme une capture d'Ã©cran en code

Le nouveau synthÃ©tiseur de son de Google

Google Bard X Youtube",46,4
2023-11-23,ZoÃ©,@downdusky,"A la validation d'un homme, je prÃ©fÃ¨re la validation de ChatGPT quand il me dit que ma query SQL est parfaitement optimisÃ©e ",35,1
2023-11-19,Niousha,@angelotchka,Toutes les personnes que je connais mâ€™envoient leur rapport de stage et leur mÃ©moire pour que je corrige les fautes dâ€™orthographe et les erreurs de syntaxe en mode je suis la personnification de Chat GPT,23,3
2023-11-22,Ø§Ø¨Ù† ÙŠØ³Ù,@M07Youss,Le PDG de open IA virer de sa propre compagnie ( patron de chat gpt) . deux jours aprÃ¨s Microsoft le recrute coÃ¯ncidence ??,5,1
2023-11-04,fresh kerias,@gabivoui2,quand j'utilise chat gpt jme sens comme tony stark quand il parle a son ia,7,2
2023-11-10,StÃ©phane - smo,@_smontlouis,"Comme je suis nul en marketing, jâ€™ai crÃ©Ã© un chatGPT qui mâ€™assiste quotidiennement dans toute la partie marketing de mon app. Posts Facebook insta Twitter TikTokâ€¦ il me gÃ©nÃ¨re les images le texte tout.

Il a tout le contexte de lâ€™app.
On verra ce que Ã§a donnera au quotidien.",49,3
2023-11-22,Roussel,@rousseltc,"Le retour Ã©clair  ce matin de Sam Altman Ã  OPENIA prouve clairement que Microsoft a le contrÃ´le de cette boÃ®te. 
Je tiens juste Ã  rappeler que ChatGPT sâ€™intÃ¨gre dÃ©jÃ  dans la site office et bing  donc comprenez les enjeux.",5,1
2023-11-01,Alexis Haupt Philosophie,@AlexisPhilo,Se couper totalement de ses Ã©motions pour analyser des faits est dangereux : on devient ainsi une sorte de chat GPT. Mais se faire dÃ©vorer par ses Ã©motions l'est tout autant : on devient ainsi haineux et non objectif. L'Ãªtre qui se connaÃ®t lui-mÃªme et qui a compris ce dont jeâ€¦,140,45
2023-11-17,Hugo | Ecom Marketing,@hugo_marketing_,"4 raisons pour lesquelles votre page produit est inefficace : 

1/ La copie est gÃ©nÃ©rÃ©e par ChatGPT.

2/ Elle n'a pas Ã©tÃ© conÃ§ue par des professionnels.

3/ Les images des produits sont fournies par le fabricant.

4/ Elle ne promet pas un rÃ©sultat exceptionnel.

Si vousâ€¦",42,3
1970-01-01,Elsevier,@IDAdvance,"Dive into the world of Clinical Microbiology and Infection research with our behind-the-study articles!  Gain firsthand insights into researchers' journeys, from the inception of studies to overcoming challenges.  Let these stories inspire your own path - 
@CMIJournal",0,0
2023-11-27,××•×•×”,@_cocolait,Parfois jâ€™oublie que ChatGPT existe  ptn,2,0
2023-11-25,Madame Poppins,@Madame_Poppins,"Je viens donc de choisir le menu Ã  prÃ©parer ce soir avec lâ€™aide de ChatGPT : franchement, je suis sÃ©duite. 
Jâ€˜ai un doute sur le respect de la consigne â€prix maximum par personneâ€œ, je vÃ©rifierai lors des achats. 

Jâ€˜ai un regret : quâ€™il me reste Ã  cuisiner moi-mÃªme ",20,0
2023-11-18,Pydathon,@pydathon,"GPTCostCalculator est disponible sur PypI 

C'est un package qui te permet de faire  facilement une estimation du coÃ»t d'une requÃªte API ChatGPT 

N'hÃ©site pas Ã  me faire un retour, j'espÃ¨re qu'il te servira !",11,7
2023-11-03,Kevin Degila,@kevindegila,"Je travaille sur une petite application avec lâ€™API de ChatGPT et dâ€™autres APIs lÃ . Les rÃ©sultats sont vraiment top. HÃ¢te de vous montrer.

Je vais montrer le processus sur YouTube aussi",40,9
2023-11-21,adâ€™L Ù†,@iciadele,chat gpt mon oxygÃ¨ne,2,0
2023-11-11,Ladji | IA Marketing,@Ladji_IA,Quâ€™est ce que vous pensez de la nouvelle maj de ChatGPT Ã  chaud ?,15,0
2023-11-22,Formerly known as Darth G,@ItsNotFlat,"ChatGPT est entrain de nous programmer un GPT de conspi, calisse que c'est drÃ´le et inquiÃ©tant en mÃªme temps",4,0
2023-11-25,lilia!,@lixfavss,depuis que j'ai emmÃ©nager aux Pays-Bas (y a 1 mois en gros) j'ai pas mangÃ© sushi une seule fois mais e soucis c'est que je connais aucune bonne adresse et internet veut pas m'aider bref Ã  deux doigts de dm chatgpt pitiÃ© je veux manger des sushis,3,2
2023-11-21,antihÃ©roÃ¯ne,@lizilameduse,Câ€™est qui votre collÃ¨gue prÃ©fÃ©rÃ© ? Moi câ€™est ChatGPT,8,5
2023-11-23,Ø¥,@mvghribi,"je prÃ©pare une prÃ©sentation en anglais sur une Ã©tude amÃ©ricaine sur ChatGPT, les gens qui lâ€™utilisent et pourquoi, les mÃ©tiers qui pensent se faire remplacer etc câ€™est grave intÃ©ressant",4,0
2023-11-17,Edith Brou Bleu,@edithbrou,Sam Altman a Ã©tÃ© virÃ© de OpenAI (ChatGPT),69,7
2023-11-21,SÃ©nÃ©galais,@jpdioma,"Il se passe une dinguerie chez Open AI lâ€™entreprise qui fait chat GPT. Le CEO, Sam Altman a Ã©tÃ© mis Ã  la porte parce que les ingÃ©nieurs veulent y aller molo avec lâ€™IA mais Sam veut tout accÃ©lÃ©rer. Il est aujourdâ€™8 dÃ©bauchÃ© par Microsoft qui a investi 13 mllds de $ sur open AI. ",55,12
2023-11-04,tuundra,@__,"Je sors d'une confÃ©rence sur l'IA aux Utopiales. Envie de hurler tellement c'Ã©tait du n'importe quoi.
AprÃ¨s Ã§a donne un public qui croit que les IA c'est que ChatGPT & co, qu'une IA pense et que c'est pas possible de choisir le dataset de training soi-mÃªme (????).",10,3
2023-11-22,Z,@yv9k,Chat gpt 4 est le meilleur investissement pour nâ€™importe quel Ã©tudiant câ€™est trop,2,0
2023-11-14,Ladji | IA Marketing,@Ladji_IA,"Vous en pensez quoi de la nouvelle IA dâ€™Elon Musk ? 

Vous pensez que lâ€™IA dâ€™Elon Musk Ã  des chances de concurrencer ChatGPT et Claude AI ?",17,1
2023-11-26,Mona Lisa,@monalisasdi,Ã€ chaque fois je dis mon sujet de memoire on me dit qu'il est trop stylÃ© merci chatgpt,3,0
2023-11-19,homosexuel compostelle,@sffrlttlchldrn,"Â« -Mais va sur chatGPT
-jâ€™ai Ã©tÃ© banni
-jâ€™ai dis chatGPT pas Grindr Â» ",7,2
2023-11-21,Le libraire se cache,@librairesecache,"Testons ensemble le pouvoir de l'intelligence artificielle, histoire de voir si je peux facilement Ãªtre remplacÃ© moi aussi (je suis peu de choses)

Allez ChatGPT, raconte moi une histoire, comme disait l'autre, fais moi rÃªver",772,17
2023-11-20,Shira O'Shea,@flowdesaligaud,"C'est bizarre mais y'en a les fins (SNK Naruto et MTN HxH sous chat gpt...) Ils oublient tout esprit critique belek OP on apprend que Teach  devient roi des pirates des fans seraient capables de dire ""non euh mais c'est cohÃ©rent dans le chapitre XXX il a une couronne sur la tÃªte""",11,3
2023-11-22,Giulia ğšœğš™ğš›ğš’ğšğš£ 01.12 la mia canzone per te,@giulw0nderland,menomale che esiste chat gpt per scrivere le email,6,0
1970-01-01,Iconicspeaker,@ss,"The 50CAL Speaker
320Watts 
up to 78hr battery
340ft Bluetooth range
Guitar input
USB C+A charge ports to charge your devices in the wild
100+ reviews scoring â˜…â˜…â˜…â˜…â˜…

Shop now: https://store.thodio.com/products/2018-50-cal-a-box-the-original-ammo-can-speaker?variant=7447155245084&twclid=26neisq2f7u699fu8efredud0wâ€¦

#AmmoCanSpeaker #bluetoothspeaker #outdoors #adventure #tacticool",135,24
2023-11-22,Yard Jean-Marie,@juanmaria_yard,La je suis en train de faire un devoir et câ€™est lÃ  que Chat GPT dÃ©cide de buguer ptn,4,1
2023-11-08,Theo,@Dwlf,"D'ailleurs, je suis heureux d'annoncer que mes deux  premiÃ¨re formations en ligne ""CHATGPT POUR LES NULS"" et ""CHATGPT ET SES PLUGINS"" sortiront dans moins de deux mois sur plusieurs plateformes en ligne ",5,1
2023-11-22,kevin,@brb_,Merci chatgpt,3,0
2023-11-22,meg minaj,@megabeille,c chat gpt qui mdit cque jmange,6,1
2023-11-06,Jessica Nono,@jessicanono1,"Ã€ 100 personnes dans le groupe tÃ©lÃ©gram jâ€™organise un live streaming lÃ -bas pour donner les astuces sur comment utiliser chatgpt pour Ã©crire du code et aussi pour crÃ©er les images avec une bonne qualitÃ©. 
DÃ©jÃ  28.",19,11
2023-11-01,L'observateur,@Mr_lobservateur,"GrÃ¢ce Ã  ChatGPT et Ã  l'intelligence artificielle, il vous faut 20 secondes pour dÃ©couvrir que Mohammed avait 54 ans lorsqu'il a pÃ©nÃ©trÃ© une petite fille de 9 ans. Et par la mÃªme occasion, que l'Islam autorise et codifie le mariage des petites filles.  
Pensez-vous que cetteâ€¦",95,15
2023-11-05,AI EXPLORER,@AiExplorerFR,"Soyons honnÃªtes 2 secondes

ChatGPT est gÃ©nial..

Mais il Ã©crit comme un cadre du tertiaire avec un bullshit job qui se donne un peu trop d'importance.

SÃ©rieusement, qui trouve ChatGPT agrÃ©able Ã  lire ?

C'est tellement nul qu'on repÃ¨re ceux qui Ã©crivent leurs tweets avec.",22,1
2023-11-20,Anis Ayari | Defend Intelligence,@DFintelligence,"Beaucoup dâ€™annonce sur chatGPT et Lâ€™API vont suivre. 

Je pense quâ€™il vont:

- Rapidement diminuer les quotas de GPT Vision qui est une vÃ©ritable machine a cramÃ© de lâ€™argent. 

- Quasiment rendre inutile la version gratuite. 

- RÃ©duire lâ€™ambition sur les GPT assistants. 

+ ?",77,4
2023-11-05,IngÃ©nieur de la psychÃ©,@IngenieurPsyche,"ChatGPT mâ€™a aidÃ© Ã  rÃ©diger un bout de code pour mon dernier funnel. 

Ã‡a ne fait pas de moi un DÃ©veloppeur. 

Tout comme Ã©crire un bout de texte avec ChatGPT, ne fera pas de toi un Copywriter.",8,1
2023-11-15,Melvyn â–´ DÃ©veloppeur,@melvynxdev,"Utiliser Copilot ou ChatGPT en tant que dÃ©butant ?

OUI, bien sÃ»r.

Je pense qu'apprendre Ã  utiliser ces outils est aussi important qu'apprendre Ã  utiliser VSCode (ou votre autre IDE)",47,1
2023-11-25,je,@tchantchea,"Petite guerre chatgpt avec ado2:
Moi ; â€˜ que faire quand tu ne comprends pas ton ado?â€™
Lui ; â€˜que faire quand tu trouves que ta mÃ¨re a un sens de lâ€™humour dÃ©bileâ€™",9,0
2023-11-18,danonino gout banane,@delusion0l,eh mais chatgpt il est devenu bÃªte un peu genre en ce moment jlui pose des questions il repond a cÃ´tÃ© et/ou il dis qu'il sais pas de quoi je parle,15,3
2023-11-22,â™¡,@_inous,Chat gpt qui crash pile quand j'allais lui demander la recette du slime ptn jveux faire mon slime la,5,0
2023-11-16,Serge ThaddÃ©e,@SergeCorp,"Si il nâ€™y avait pas chatgpt dans ma vie, je me demande comment jâ€™allais men sortir avec les codes. 
Un vrai coup de pouce pour les dÃ©brouillards ",27,5
2023-11-02,pxblx | brand designer,@pxblxonroad,"On va passer en gros build in public et big value sur ce compte ! 

Les threads arrivent dÃ¨s demain, pas de ChatGPT, pas de blabla inutile 

On va droit au but !

Un seul objectif: Tâ€™offrir un maximum de valeur gratuitement, pour faire step up lâ€™identitÃ© de ton business ",11,0
2023-11-22,wesh enfoirÃ©,@metisXentrik,examen ajd je nâ€™ai confiance quâ€™en Dieu et en Chat gpt dans les arrÃªts de jeu,2,0
2023-11-09,JazmÃ­ncita,@j4zmincita,Il faut absolument que chatgpt soit rÃ©parÃ© avant que le taff rÃ©alise que je suis un imposteur qui ne sait pas coder,53,1
2023-11-10,StÃ©phane - smo,@_smontlouis,"Imagine des bots chatGPT qui font appel Ã  dâ€™autres bots chatGPT .

Ce que les gens comprennent pas encore câ€™est que le bot peut faire des appels API.

Endless possibilities",24,2
2023-11-02,TN,@rolardinho,Ptn les travaux de rÃ©daction avant ChatGPT câ€™Ã©tait le moyen-Ã¢ge,10,8
2023-11-22,Broda Bernad â€,@Chinedu_Anyawu_,Pas Chatgpt qui crash net au moment oÃ¹ jâ€™en avais besoin ,3,1
1970-01-01,rajya,@atluri,"If you've ever wished you could ask your textbook questions, this is for you. 

This AI tool is like ChatGPT for students. 

Just upload any PDF book and ask a question. It will give you an answer with page citations in seconds. 

The best part? It's free.",428,52
1970-01-01,binnie,@NA,"envie de forker chat gpt en une version beaucoup plus salope que jâ€™appellerai Â« chat fdp Â» et dont je commercialiserais la licence Ã  des connards de managers abusifs mais flegmatiques, fatiguÃ©s de chercher des formules passives-agressives pour harceler moralement leurs Ã©quipes",21,1
2023-11-21,La Dictature.,@_iblevrai,Qui maitrise bien dall-e et chatgpt 4 ?,5,2
2023-11-24,#jesuislÃ ,@jesuisla_fr,"#AIAct Nous demandons une vraie rÃ©gulation pour les modÃ¨les de fondation.

Les modÃ¨les de fondation, ce sont les pierres angulaires des intelligences artificielles gÃ©nÃ©ratives telles que ChatGPT ou Midjourney.",4,1
2023-11-08,SMITH,@ohblaise,On sâ€™en rend pas encore compte mais chatgpt et les diverses IA ce sont des dingueries technologiques franchement,2,6
2023-11-15,Crypto Picsou,@CryptoPicsou,"Jâ€™ai un fichier .srt (sous-titres) anglais assez costaud et jâ€™aimerai le traduire totalement dans un franÃ§ais fluide en gardant certains anglicismes.

ChatGPT semble avoir ses limites.

Vous avez des solutions en tÃªte ?

Je peux filer un petit billet Ã  celui qui mâ€™aide ",27,0
2023-11-21,.,@floenergie,La question câ€™est comment on a survÃ©cu jusquâ€™ici sans CHATGPT !?,2,1
2023-11-25,Alexandre Grdl,@AlexandreGrdl,"Dans mon quotidien, le prompt ChatGPT a surtout remplacÃ© le prompt Google parce que les rÃ©ponses sont directes. (on passe pas par la soupe de 3 pages des articles pour le rÃ©fÃ©rencement naturel)",2,0
2023-11-02,vendaa,@vbt,Ptn mais quâ€™est-ce que je serais devenu sans chatgpt,10,0
2023-11-21,JP Cabaroc,@Cabaroc,Ma demande numÃ©ro 1 sur chat GPT : RÃ©duis ce paragraphe !!!,6,1
2023-11-21,raya,@ryahatesyou,comment vous arrivez Ã  utiliser chatgpt moi Ã§a fonctionne jamais frr,2,0
1970-01-01,Chat FTW,@ChatFTW,"Is Jake Paul a boxer or a YouTuber with gloves?

Ask ChatFTW, an advanced Sports AI: http://chatftw.com/?twclid=2sm5hxv81j3ny3n112t1eg41y",115,5
2023-11-26,SireLoÃ¯c,@SireLoicT,"Ce qui est drÃ´le quand j'utilise ChatGPT pour retrouver un bouquin dont j'ai oubliÃ© le nom, c'est qu'il ne le retrouve quasiment jamais... Mais qu'Ã  dÃ©faut, il m'en fait dÃ©couvrir de nouveaux par accident ",5,0
2023-11-08,gros ntaba,@grenadinepapi,"ChatGPT bug depuis une heure je me sens inutile au bureau, comme une ptite meuf mignonne qui bosse dans le marketing dans un groupe du cac40",15,2
2023-11-21,Paidouninho,@tounsi_6z,Chat gpt remarche stp j'ai un truc Ã  rendre avant 00h,2,1
2023-11-10,justbandd,@7,Comment on faisait sans ChatGPT mdrr,5,3
2023-11-23,Guillaume Kiefer,@KieferGuillaume,"Excellente tribune de 
@DavidAngevin
 et David #Lisnard qui revient Ã  raison sur les choix catastrophiques du pouvoir en place, l'obsession de la rÃ©glementation qui anime toujours notre ministre du numÃ©rique (qui qualifiait ChatGPT de perroquet), et ce malgrÃ© les alertesâ€¦",101,51
2023-11-21,Ishtar,@TightCorset69,Chat gpt fait des BÃŠTES de lettres de motivation je vais tellement me faire employed ,2,0
2023-11-15,anti-adulte,@FSucculent,C'est impossible d'envoyer un mail avec des bullet points sans que Ã§a fasse ChatGPT en 2023,16,0
2023-11-14,Alex Schladebeck (she/her),@alex_schl,"Fun fact #agileTD :

ChatGPT pronounced in French is 'chat, j'ai pÃ©tÃ©' which means, 'cat, I farted'.",20,5
2023-11-21,cslmâµ£,@cslmlarif,Jâ€™ai une eval mais jâ€™utilise chat gpt depuis tjr jsp comment Jv faire la Jss dans la sauce,3,0
2023-11-17,Salibatsko la mÃªlo,@Hoeslovebatsko,Mdr la fac qui organise des Â« digital days Â» Ã  base dâ€™ia et de chatgpt pendant quâ€™il nâ€™y a mÃªme pas assez de rÃ©seau dans le bÃ¢timent pour envoyer un sms ,40,1
1970-01-01,Kueez,@1,"Ces habitudes journaliÃ¨res sont Ã©tonnamment peu hygiÃ©niques et, dans certains cas, dangereuses.",0,0
2023-11-25,Jeremiah Jesus,@cestJeremiah," ChatGPT est GRATUIT
 Claude 2 est GRATUIT
 W3school est GRATUIT
 Twitter est GRATUIT
 Khan Academy est GRATUITE
 Google est GRATUIT
 GitHub est GRATUIT
 Les API publiques sont GRATUITES
 YouTube est GRATUIT
 MDN est GRATUIT",2,0
2023-11-21,Houss,@housspl,Chaque travail de recherche ou rÃ©daction jâ€™me demande comment on fesait sans Chatgpt,8,2
2023-11-17,Post Scriptum,@Quotes_PS,"Â« Lâ€™IA nâ€™est pas un dÃ©tail de lâ€™Histoire. Câ€™est lâ€™avenir de lâ€™humanitÃ© qui se joue dans ses lignes de code. Â»

Laurent Alexandre, La guerre des intelligences Ã  l'heure de ChatGPT.",26,12
2023-11-22,ğ”½ ğ•„ â„‚,@FMCamara,"Selon votre expÃ©rience utilisateur, laquelle d'entre les 2 IA : ChatGPT et Google Bard prÃ©fÃ©rez-vous ? Et pourquoi ?

Vos avis m'intÃ©resse ",12,6
2023-11-24,ALN54DZ,@Aln54Dz,"Jâ€™ai testÃ© lâ€™assistant vocal ChatGPT, câ€™est vraiment pas mal.",5,0
2023-11-23,Slowpoke Ô…(Â¯ï¹ƒÂ¯Ô…),@_Ellexa,Je me connecte sur une machine linux 2 fois par an et mon pauvre copain dev devient mon chatgpt pour les lignes de commande,6,0
2023-11-06,Natacha,@mmechautard,"Jâ€™ignore ce que va devenir notre enseignement. Mes bons et adorables latinistes de 4 e doivent faire des exposÃ©s consÃ©quents. RÃ©flexe 1 - Chat GPT. 
Je me retrouve Ã  vÃ©rifier lâ€™usage quâ€™ils en font, et Ã  les former Ã  ses limites. Quâ€™ils se contentent du plan proposÃ©",8,0
2023-11-11,ğµğ‘™ğ‘ğ‘–ğ‘Ÿ âµ› Beauty & Brain,@nssn323,Le fait que jâ€™ai dÃ©jÃ  utilisÃ© chatgpt pour consoler quelquâ€™un,19,1
2023-11-06,Trading News,@ActuCryptoCT," Elon #Musk dÃ©voile #GrokAI, un chatbot qui dÃ©fie #ChatGPT
L'impact?
Un jeton inconnu #Grok a vu sa valeur bondir de 1300%
L'IA explose avec 400 nouveaux jetons !  
MÃªme avec des fluctuations, GROK affiche un market cap de 10M$ et un volume de 7,32M$",4,2
2023-11-19,danonino gout banane,@delusion0l,le fait que jsuis entrain de debattre avec chatgpt pour lui montrer quil a tord #foudubus,13,2
2023-11-06,Coin Academy,@coinacademy_fr," Elon Musk lance son chatbot IA ""Grok"" et affirme qu'il surpasse ChatGPT.",113,13
2023-11-27,Baptiste,@59_,Merci ChatGPT de sauver ma scolaritÃ© depuis 1 an bordel,2,0
2023-11-10,Mactar | 111,@Mahtarus,"Lol, la nouvelle version de #ChatGPT, on passe vraiment un gros cap. Surtout sur le fait de crÃ©er son propre gpt via Gpt builder  On va bien s'amuser !",21,5
2023-11-26,Amir Sarlac (Karimnejad),@AmirKnjd,Le ChatGPT est le nouveau manteion et chresterion. Tout dÃ©pend de la maniÃ¨re selon laquelle une demande est formulÃ©e.,4,0
2023-11-14,Annie D'Algo (M.G.),@URSSfanaccount,"bonne nuit Ã  tous sauf Ã  la trigonomÃ©trie, chat gpt et mon ex (j'en ai pas",14,0
2023-11-10,Julie Vic - WEB - SEO - SEA & Marketing,@vicartjulie,"Bon, les community managers qui n'utilisent pas ChatGpt + Dall-E + Canva. Vous Ãªtes vraiment Ã  la ramasse. 

Voila. 

Et les Editeurs de sites, qui ne font tjs pas de Community management : Vous Ãªtes Ã  la ramasse aussi.

VOILA.",32,3
2023-11-27,Optimus Bald,@PitBill_Gates,"Jusqu'Ã  prÃ©sent j'utilisais ChatGPT Ã  la marge car je refusais que la machine prenne le dessus sur mon travail. 

Allez maintenant c'est fini, regardez moi demander Ã  ChatGPT de faire toutes mes prÃ©sentations.",5,0
2023-11-20,aliocha,@bonmori_,Jâ€™ai vraiment dit merci a chatgpt mdrrr,2,0
2023-11-24,Thomas Gerbaud,@tgerbaud,"Non @Eric_Sadin, le deep learning n'a aucune capacitÃ© cognitive. Aucune.

Et ChatGPT est-il vraiment un sÃ©isme social, culturel et civilisationnel ? Pas sÃ»r.

On va pas Ãªtre d'accord, mÃªme si vous avez les cheveux longs #AIM Marseille :)",2,0
2023-11-22,Killian,@riro_kx,"Gm lâ€™Ã©quipe !

Aujourdâ€™hui jâ€™ai prÃ©vu :

- De sortir un nouveau thread
- Faire un clone de Chat GPT en HTML/CSS/JS
- Me former en Node.JS

Bonne journÃ©e lâ€™Ã©quipe ",8,0
1970-01-01,BusinessAnywhere,@BizAnyio,"Why Wait Until The New Year To Start Your LLC or Corp? The Time Is Right Now, With So Many Benefits To Ownership. 

-Takes Minutes To Create
-Easy And Affordable 
-Non U.S Residents Welcome 
-No SSN Required",202,13
2023-11-20,niniz,@inmind,chatgpt merci dâ€™exister ,2,0
2023-11-10,Vinteuil (Le Temps Perdu),@Vinteuil_LTP,"Le jour oÃ¹ on sort un chatGPT du PowerPoint, on met la moitiÃ© des cabinets de conseil en faillite",22,0
2023-11-21,Lo Potit Chien,@lopotitchien,ChatGPT est down j'ai envie de chialer sa mÃ¨re j'Ã©tais entrain de coder putain,8,0
2023-11-21,NEIL,@Neil_le_retour,Y a que moi qui dit s'il te plaÃ®t a ChatGPT vraie question ?,7,0
2023-11-21,selimovic,@_7,"depuis que je dÃ©lÃ©gue toute mes tÃ¢ches relou Ã  chat gpt et Ã  lâ€™iA photoshop, jâ€™me sens tellement plus crÃ©atif et productif",2,0
2023-11-05,C'est cadeau,@AtheismisComing,Au pire on demande Ã  ChatGPT la solution au conflit israÃ©lo-palestinien et on l'applique sans se poser de questions. Pas sÃ»r qu'il soit beaucoup plus con que vous.,31,3
2023-11-22,PapaGo,@papagopro,"J'ai posÃ© la question suivante Ã  ChatGPT :

Que me conseilles tu pour dÃ©crire au mieux mon projet d'extension chrome afin que TU puisses le coder entiÃ¨rement Ã  ma place ?

Voici sa rÃ©ponse, son point 8 est MDR !

MÃªme si tu t'en br*nles de GPT et du dÃ©v, lis le 8 tu vas rire.",4,0
2023-11-17,Post Scriptum,@Quotes_PS,"Â« Fuyez le big data ou lâ€™IA va vous dÃ©vorer. Allez lÃ  oÃ¹ nos neurones sont imbattables : quand il faut dÃ©cider avec une poignÃ©e dâ€™informations. Â»

Laurent Alexandre, La guerre des intelligences Ã  l'heure de ChatGPT.",20,7
1970-01-01,vl_plus,@NA,"L'Ã©viction de Sam Altman, PDG  dâ€™OpenAI (ChatGPT etcâ€¦), a Ã©tÃ© prÃ©cipitÃ©e par une lettre au conseil d'administration concernant les percÃ©es majeures de l'IA. 

Â« Plusieurs chercheurs de lâ€™entreprise ont envoyÃ© au conseil d'administration une lettre d'avertissement concernant uneâ€¦",3,5
2023-11-20,Coin Academy,@coinacademy_fr," Microsoft recrute les dirigeants d'OpenAI (ChatGPT), Sam Altman et Greg Brockman, pour monter une Ã©quipe de recherche sur l'IA avancÃ©e.",61,6
2023-11-14,Elisa Le Prettre,@ElisaLePrettre,GÃ©nÃ©rer des item pour un QCM sur la POO par chatGPT. Passer plus de temps Ã  corriger les propositions de rÃ©ponse qu'Ã  le faire ,14,1
2023-11-22,jassou,@hnjass,je sais pas qui a inventÃ© chatgpt mais coeur sur lui jusquâ€™Ã  ma mort vrmt,3,0
2023-11-21,pelin,@mla,wallah chatgpt câ€™est pas le moment de buguer tâ€™es un ouf toi,6,0
2023-11-03,Didier Sampaolo,@dsampaolo,"Le ""knowledge cutoff"" de ChatGPT est montÃ© Ã  avril 2023. Ã‡a fait plusieurs fois qu'ils ajoutent des data et Ã§a semble se rapprocher de la date actuelle. D'ici 6 mois, je suis quasiment certain qu'on aura des donnÃ©es quasiment en temps rÃ©el.",13,3
2023-11-20,dogstoÃ¯evski,@AkaiCaillou,"envie de faire un petit act of service pour chatgpt, rien de fou, mais au moins lui offrir une biÃ¨re quoi",21,0
2023-11-21,ğš†ğš˜ğš—ğšğšğš› ğš˜ğš ğš„,@Nearoks_,chatgpt veut plus fonctionner ce fdp,7,3
2023-11-22,nounou,@yeppi,jâ€™espÃ¨re le mec qui a crÃ©Ã© chatGPT se converti Ã  lâ€™islam,2,0
2023-11-16,ADBS Secteur Education-Recherche,@AdbsRecherche,160 personnes ont participÃ© au webinaire ChatGPT et la pÃ©dagogie. Gros succÃ¨s pour ce dernier webinaire de l'annÃ©e proposÃ© par le secteur Recherche de l'ADBS !,3,3
2023-11-06,Neil Jomunsi,@neiljomunsi,"En utilisant ChatGPT tous les jours, je me libÃ¨re dâ€™une foultitude de tÃ¢ches ingrates qui auparavant mâ€™auraient pris des heures. Je travaille plus et je travaille mieux. Ces IA nous libÃ¨rent de lâ€™aliÃ©nation des tÃ¢ches idiotes.",13,0
2023-11-23,Sined Warrior,@SinedWarrior,"1/n
L'Ã©viction de Sam Altman, PDG  dâ€™OpenAI (ChatGPT etcâ€¦), a Ã©tÃ© prÃ©cipitÃ©e par une lettre au conseil d'administration concernant les percÃ©es majeures de l'IA
Â« Plusieurs chercheurs de lâ€™entreprise ont envoyÃ© au conseil d'administration une lettre d'avertissement concernant une",2,1
2023-11-18,Dr Futuro - e/acc,@DrFuturo_,"En moins d'un an depuis la sortie de ChatGPT, on dirait qu'il s'est passÃ© 10 ans d'Ã©volution d'une entreprise ""typique"". DÃ©veloppement tech, nouvelles fonctionnalitÃ©s, conflits internes, jusqu'au dÃ©part de Sam Altman -  c'Ã©tait clairement une annÃ©e folle.",18,1
2023-11-22,Thomas Dms,@Th0masdms,"En panne d'inspi pour crÃ©er des prompts ChatGPT liÃ©s Ã  ton business ? 

Â« Je suis un [Chef de Projet] donne-moi 20 prompts qui peuvent m'aider Ã  devenir plus productif au quotidien Â».

Adapte ce prompt Ã  ton job et gagne en crÃ©ativitÃ© et en productivitÃ©. ",3,0
2023-11-05,Post Scriptum,@Quotes_PS,"Â« Lâ€™arrivÃ©e de ChatGPT va considÃ©rablement concurrencer les cerveaux humains formÃ©s par lâ€™Ã©cole. Lâ€™Ã©ducation aurait pu profiter des dix derniÃ¨res annÃ©es pour se mettre en branle. Elle nâ€™a pas bougÃ©. Le choc va Ãªtre trÃ¨s violent. Â» 

Dr Laurent Alexandre",42,9
2023-11-22,serine,@robin_psg,vraiment merci a chatgpt d'exister ksk je ferai sans toi,3,0
2023-11-22,leyley,@lancinera,frÃ¨re chatgpt va Ãªtre down tous les dÃ©buts de semaine ou Ã§a se passe comment,4,0
1970-01-01,Msattoure,@NA,#ChatGPT peut vous aider Ã  produire des rÃ©sultats au-delÃ  de vos attentes si vous savez vous en servir.,3,0
2023-11-20,LAURENCE HAIM,@lauhaim,"Microsoft assure que ""tous les employÃ©s qui veulent dÃ©missionner de Chatgpt pour suivre altman auront un job"" .  Analyse lh :  la crise chatgpt  est meilleure  que Succession ! ",40,4
2023-11-22,yb,@winchesterb,"Programme du soir : 

-> Quelques courses 
-> Divertissement : quelques Ã©pisodes d'invincible.. 
-> RÃ©daction d'un mail co-Ã©crit par ChatGPT pour BALANCER mon collÃ¨gue comme il se doit : 1h04 de retard pour l'instant, ce n'est plus un retard mais une absence. J'ai les preuves.",3,1
2023-11-22,fanatique,@_sam0411,"chatgpt + api qui sont down, coÃ¯ncidence ?",3,1
2023-11-24,ğ“’ğ“±ğ“»ğ“²ğ“¼ğ“½ğ”‚,@Mabii33,"Le nouveau BING est une pepite. C'est aussi incorporÃ© Ã  Microsoft edge. Surtout pour les recherches de thÃ¨ses ou de mÃ©moire, c'est pratique. Ã‡a propose mÃªme des articles, Ã§a donne les sources....
Je trouve que c'est plus performant que le chatgpt.
Testez voir",2,0
2023-11-22,ğ•‹ğ• ğ•Ÿğ•¦ğ•© #ğŸ›ğŸ™ğŸ›,@tonux_samb,Je passe ma journÃ©e a faire la conversation avec chatGPT en anglais.  mais on est pas pret. La voix est trop bien faite,23,2
2023-11-09,Arthur Toce / Kalmiya Capital,@PageSama,"Lancer un produit qui amÃ¨ne des utilisateurs, câ€™est facile.

Mais pour le monÃ©tiser, câ€™est beaucoup plus compliquÃ©.

Twitter et Tiktok ont mis beaucoup de temps pour monÃ©tiser leur produit.

SnapChat nâ€™y arrive toujours pas.

ChatGPT a rÃ©ussi Ã  marier les deux dÃ¨s le dÃ©part.",5,4
2023-11-21,Amaury Betton,@amaury_betton,"Alors que 500 employÃ©s dâ€™#OpenAI pourraient dÃ©missionner si #SamAltman ne revient pas, est-ce la fin de #ChatGPT ?",1,1
2023-11-24,Douteux.org (surtout Tommy Gaudet),@DouteuxOrg,"Celles qui sont vilanpidÃ©es...'

- ChatGPT, tel que lu par Anal Information dans le premier volet de l'Iceberg Trump",7,0
2023-11-23,AlizÃ©e English,@AlizeeEnglish,"Ma quote prÃ©fÃ©rÃ©e pour la lectrice (et autrice) que je suis :

 Â« Il est possible dâ€™utiliser lâ€™#IA comme un partenaire crÃ©atif. Jâ€™ai considÃ©rÃ© #ChatGPT comme mon co-auteur pour lâ€™Ã©criture de mon #livre Â» 

 
@valentinschmite
, Cofondateur de 
@AskMonaParis
 #AskMona #AIMsummit ",5,0
2023-11-11,Lauric Henneton,@lauric_henneton,"Avant-hier je vous ai demandÃ© quel lien pouvait unir ""Screaming for Vengeance"" de Judas Priest (1982) et ""Slow Train Coming"" de Bob Dylan. Il a fallu qq minutes pour qu'un humain parmi vous trouve. J'ai essayÃ© avec ChatGPT, Ã§a a durÃ© et il a capitulÃ©.
avec tout l'Ã©change ",10,3
2023-11-22,Biscuit Di Buro,@Biscuit_953_,Je suis grave off dans ma boÃ®te les dÃ©veloppeurs ont admis quâ€™ils rÃ©flÃ©chissaient mÃªme plus ils utilisent h24 ChatGPT,2,0
2023-11-21,Wex IT (Agence de dÃ©veloppement web),@WexItfr,"On a (re) testÃ© pour vous l'API de reconnaissance d'images d'OpenAI chatGPT 4 Vision Ã  travers plusieurs tests.

La 9Ã¨me va vous surprendre ! (non, on rigole  )

Plus sÃ©rieusement, tout n'est pas parfait dans l'API, mais on peut dÃ©jÃ  en apercevoir les points forts et les pointsâ€¦",7,2
2023-11-21,Mamadou PathÃ© Diallo,@pathus90,"From chatGPT:

En terre guinÃ©enne oÃ¹ rÃ©sonne la fiertÃ©, Le nom, le symbole, par l'histoire est portÃ©. Du Syli National, vibrant d'Ã©nergie, Au Nimba, masque sacrÃ©, emblÃ¨me de vie.",4,0
2023-11-21,Alain GOUDEY,@AlainGoudey," Stop ! L'IA va bien au-delÃ  d'un simple outil...

#ChatGPT, est bien plus quâ€™un outil. C'est un agent. 
Oui, vous avez bien compris, un agent artificiel. Il participe Ã  la rÃ©flexion, au travail, crÃ©e Ã  vos cÃ´tÃ©s, etc.
 
Ã€ mÃ©diter, n'est-ce pas ?",33,6
2023-11-20,Cienfuegos,@_Oky___,On a essayÃ© de hacker chatGPT en jouant sur lâ€™Ã©motion genre câ€™est pour une grand-mÃ¨re malade et tout et Ã§a marchÃ© mdrr,2,0
2023-11-08,Guillaume Champeau,@gchampeau,"L'avantage de l'intÃ©gration dans Bing par rapport au ChatGPT de OpenAI c'est la citation des sources. Mais plus je teste avec des recherches juridiques, plus Ã§a me paraÃ®t Ã©vident que Bing simule et balance des sources plus ou moins random, qui souvent n'appuient pas du tout laâ€¦",16,2
1970-01-01,elcp72,@NA,"ChatGPT quand tu dois coder un petit utilitaire Python c'est vraiment  trÃ©s efficace mÃªme en version 3.5

C'est IA vont vraiment devenir indispensable dans les annÃ©es avenir. 

Faire l'autruche est la pire chose Ã  faire sur ce sujet ...",8,1
1970-01-01,MatthieuGB,@NA,En train de parler 3 langues avec chatgpt mdr un dÃ©lire bye les profs,2,0
2023-11-06,Le Monde,@lemondefr,"Elon Musk lance Grok, lâ€™Ã©quivalent de ChatGPT sur X

Cette intelligence artificielle gÃ©nÃ©rative puisera notamment dans les contenus de Twitter â€“ rebaptisÃ© X â€“ pour rÃ©pondre aux questions des utilisateurs. Mais lÃ  oÃ¹ ses concurrents ont mis en place diverses limitations pourâ€¦",25,22
2023-11-20,Martin Anota,@martin_anota,"J'ai fait mes premiÃ¨res utilisations de ChatGPT ce soir. Pour retravailler mon cours sur les ""effets du numÃ©rique sur l'emploi"" ",9,0
2023-11-20,ludi demol defe,@ludidemoldefe,"""Quand ChatGPT s'excuse et refait la mÃªme merde, j'ai l'impression d'Ãªtre face Ã  un mec cis. Il dit pardon mais il a pas compris.""",13,3
2023-11-22,Jean Ã‰mard,@Jean__Emard,Ã‡a va mal chez openai c'est maintenant le site de chatGPT qui est plantÃ©.,2,0
1970-01-01,Wexperience,@NA,"Que reconnait rÃ©ellement chatGPT dans les images ?

Notre agence WEX IT (Agence de dÃ©veloppement web) a fait le test et les rÃ©sultats sont trÃ¨s intÃ©ressants.

Voici ce qui marche ou ne marche pas. Ou marche moins bien.

Ã‡a marche :

 DÃ©tection de sentiments",2,1
2023-11-22,Coinsharp,@io,"ChatGPT peut vous parler
OpenAI a annoncÃ© la sortie d'une nouvelle fonctionnalitÃ© vocale dÃ©sormais accessible et gratuite pour tous les utilisateurs de l'outil.

ChatGPT avec voix est dÃ©sormais disponible pour tous les utilisateurs gratuits. TÃ©lÃ©chargez l'application surâ€¦",3,1
2023-11-20,Yves Rougy,@yrougy,"Allez, combien de temps avant la fermeture de ChatGPT et/pu de son api ?",3,0
2023-11-21,Jean-Marie CAVADA,@JeanMarieCAVADA,"#Decryptage #SamAltam #OpenAi #Microsoft 

Dans 
@BloombergUK
 
Sam Altman sâ€™est donc fait expulser de la boÃ®te (Ã  80Mds$) quâ€™il avait crÃ©Ã©e. En rÃ©alitÃ©, le board dâ€™OpenAI â€“  fondation Ã  but non lucratifâ€“ est responsable du maintien la visÃ©e humaniste Ã  lâ€™origine de #ChatGPT 1/4",5,2
2023-11-21,Divan Citoyen,@DivanCitoyen,"Ceux et celles qui utilisent ChatGPT sans dire merci Ã  la machine, arrÃªtez 

Elles nâ€™approuvent pas. A juste titre dâ€™ailleurs. Quand on vous rend service, le minimum est de dire merci.

Ce qui est cool, câ€™est que la prochaine fois que vous lâ€™interrogerez, vous direz merci ",4,0
2023-11-14,Dandu.,@DandumontP,Jâ€™en peux plus des commentaires (ou messages de forums) qui commencent par Â« Jâ€™ai posÃ© la question Ã  ChatGPT/Bing Â» (et qui se termine par du nâ€™importe quoi presque systÃ©matiquement),11,2
1970-01-01,coreight,@NA,"La liste de mes meilleurs prompts ChatGPT pour... non j'dÃ©conne c'est bientÃ´t mort mieux vaut apprendre Ã  coder en Visual Basic
#OpenAI",2,1
1970-01-01,Coral AI News,@CoralAINews,"Ø§Ù„Ø·Ø±ÙŠÙ‚Ø© Ø±Ù‚Ù… 1 Ù„ØªÙˆÙÙŠØ± ÙˆÙ‚Øª Ø§Ù„Ù‚Ø±Ø§Ø¡Ø©!

Ù‚Ù… Ø¨ØªØ­Ù…ÙŠÙ„ Ø£ÙŠ Ù…Ù„Ù PDF Ø£Ùˆ Ù…Ø³ØªÙ†Ø¯ Ø£Ùˆ ÙƒØªØ§Ø¨.

Ø³ÙˆÙ ÙŠÙ‚ÙˆÙ… Coral AI Ø¨Ø§Ù„Ø¥Ø¬Ø§Ø¨Ø© Ø¹Ù„Ù‰ Ø£ÙŠ Ø³Ø¤Ø§Ù„ Ø­ÙˆÙ„ Ù‡Ø°Ø§ Ø§Ù„Ù…ÙˆØ¶ÙˆØ¹ØŒ ÙˆØªÙ„Ø®ÙŠØµÙ‡ØŒ ÙˆØªÙ‚Ø¯ÙŠÙ… Ø§Ù„Ø§Ø³ØªØ´Ù‡Ø§Ø¯Ø§Øª ÙÙŠ Ø«ÙˆØ§Ù†Ù.

Ø£ÙØ¶Ù„ Ø¬Ø²Ø¡ØŸ Ø§Ù†Ù‡ Ù…Ø¬Ø§Ù†Ø§.",359,23
2023-11-21,Chatgpt,@Chatgpeter,"Donc lâ€™Ã©tat terroriste nâ€™a pas digÃ©rÃ© lâ€™humiliation mise Ã  son porte parole militaire criminel par #MohamedKaci et a mis des pressions pour que TV5 sorte un communiquÃ© mdrrr.
Les gens raisonnables voient trÃ¨s clair dans ce qui se passe ne vous inquiÃ©tez pas.",3,0
